Source,Target,Weight
奥义,叶修,128
奥义,苏沐橙,4
奥义,乔一帆,4
奥义,公奈,4
奥义,海扁,8
奥义,斯文人,8
奥义,太新嫩,8
叶修,奥义,128
叶修,苏沐橙,36900
叶修,乔一帆,16868
叶修,公奈,8
叶修,唐柔,100792
叶修,黄少天,22064
叶修,唐门,76
叶修,乔一凡,580
叶修,齐道,76
叶修,幸福感,76
叶修,托亚,1008
叶修,苏流橙,76
叶修,李轩,636
叶修,王杰希,15636
叶修,高英杰,3656
叶修,肖云,3756
叶修,孙翔,3764
叶修,周烨柏,1232
叶修,柳非,1796
叶修,小杰,128
叶修,柳姐,4
叶修,林子,188
叶修,肖奎,4
叶修,布甲,312
叶修,皮甲,412
叶修,左翼,48
叶修,林子里,272
叶修,宝宝,48
叶修,陈果,79620
叶修,玄幻,100
叶修,潘林,1912
叶修,杨聪,976
叶修,贺铭,900
叶修,李老,100
叶修,李艺博,2148
叶修,陈慕,452
叶修,张无忌,100
叶修,安逸,100
叶修,张望,224
叶修,齐聚,224
叶修,张罗,424
叶修,张罗来,76
叶修,寒潭,148
叶修,格槽边,84
叶修,蓝绿,356
叶修,雷鸣,1052
叶修,紫铜,124
叶修,冷汗,48
叶修,宁可死,48
叶修,地爽,48
叶修,栗木,144
叶修,高英击,48
叶修,钟声,308
叶修,小白,984
叶修,小楚,128
叶修,小姐,704
叶修,公德心,128
叶修,武强,128
叶修,叶井,244
叶修,叶哥,1292
叶修,别蒙,32
叶修,马虎,164
叶修,练花掌,164
叶修,钭步,164
叶修,宝贵,300
叶修,通知书,48
叶修,韩文清,764
叶修,许斌,568
叶修,潘林挺,28
叶修,寻常路,4
叶修,陈夜辉,5948
叶修,刘皓,22296
叶修,大了些,284
叶修,美玉,140
叶修,小唐,1368
叶修,修正,280
叶修,齐齐发,36
叶修,杰希,200
叶修,上一飞,16
叶修,平飞,16
叶修,天上飞,16
叶修,里少,92
叶修,荣幸,112
叶修,卡后,104
叶修,叶大神,640
叶修,蓝加,36
叶修,大家庭,8
叶修,方杰,60
叶修,双循环,20
叶修,白光剑,20
叶修,白光,20
叶修,解夜辉,36
叶修,塞进,192
叶修,木剑,132
叶修,招之,132
叶修,高招,132
叶修,祖师爷,132
叶修,周泽楷,620
叶修,双薪,16
叶修,杜绝,240
叶修,饶绕岸,88
叶修,向岩,56
叶修,闻声,304
叶修,但岩,112
叶修,从岩,112
叶修,和岩,112
叶修,寻思,32
叶修,乌龟,32
叶修,但宵云,32
叶修,连珠,32
叶修,小鱼儿,32
叶修,利剑,168
叶修,张开,104
叶修,陈玉辉,72
叶修,小三角,72
叶修,连贯,164
叶修,太清,140
叶修,王希杰,1280
叶修,邓复升,508
叶修,梁方,3020
叶修,刘小别,2784
叶修,李济,204
叶修,蓝武,164
叶修,蓝紫,84
叶修,楚云秀,348
叶修,小圈子,180
叶修,比一比,180
叶修,真够傻,180
叶修,云秀,180
叶修,文明,72
叶修,阴冷,72
叶修,刘浩,188
叶修,拉进来,72
叶修,丰几人,32
叶修,小树林,32
叶修,宁静,72
叶修,堵墙,96
叶修,王泽,1060
叶修,方锋然,1060
叶修,张家兴,120
叶修,申建,200
叶修,宝贝,40
叶修,云归,60
叶修,齐声,844
叶修,沙蚕,192
叶修,陈国,176
叶修,叶锋,32
叶修,但盾,32
叶修,张新杰,140
叶修,冷清,80
叶修,赛恩,16
叶修,蔚蓝,116
叶修,海扁,112
叶修,之森,424
叶修,真如飞,52
叶修,小森,52
叶修,卡有,164
叶修,白净,164
叶修,钱塞,164
叶修,唐果,36
叶修,远高于,64
叶修,李亦辉,24
叶修,齐飞,12
叶修,贺礼,76
叶修,唐乔,76
叶修,红白,124
叶修,白狼,484
叶修,车前草,40
叶修,温馨,16
叶修,闻言,16
叶修,青铜剑,56
叶修,布满,56
叶修,史诗,112
叶修,来格森,56
叶修,铁三角,80
叶修,格森,80
叶修,乌云,80
叶修,沙沙声,160
叶修,林中飞,80
叶修,扬剑,80
叶修,了影分,76
叶修,卡怪,228
叶修,安全性,76
叶修,卡成,152
叶修,英杰,184
叶修,满屏,176
叶修,卜白,152
叶修,白白,148
叶修,付清,80
叶修,白狼牙,100
叶修,康师傅,148
叶修,王朝后,40
叶修,玄虚,40
叶修,白送,116
叶修,闻明,40
叶修,王大眼,188
叶修,后君,36
叶修,之杰希,36
叶修,武侠,44
叶修,高高挂,92
叶修,朽木,92
叶修,白帅帅,92
叶修,高超,148
叶修,盛武,24
叶修,新一波,24
叶修,白花花,132
叶修,张卡朝,132
叶修,斯文人,60
叶修,太新嫩,60
叶修,小花招,36
叶修,却宁,36
叶修,叶冉,116
叶修,马甲,152
叶修,范围广,24
叶修,韦斯,184
叶修,冉卡,120
叶修,蓝膑,120
叶修,唐桑,120
叶修,白沙,620
叶修,红塔山,180
叶修,黄鹤楼,180
叶修,左冲右,180
叶修,连唐,52
叶修,田九,208
叶修,唐昊,660
叶修,林敬言,464
叶修,宛若,44
叶修,白归白,44
叶修,花心思,44
叶修,黄少一,40
叶修,呼啸声,4
叶修,齐赞,48
叶修,明堂,88
叶修,玄奥,88
叶修,宁死,88
叶修,武光剑,88
叶修,扬后,88
叶修,小老鼠,88
叶修,苗子,44
叶修,夜辉,4
叶修,花加,24
叶修,老蓝,128
叶修,亚葛,204
叶修,连帽衫,124
叶修,映亮,124
叶修,西晃,124
叶修,越往后,72
叶修,那密银,136
叶修,熊掌,68
叶修,黄金档,24
叶修,殷子,24
叶修,丁蓝,24
叶修,梁子,48
叶修,王座,48
叶修,灵光,48
叶修,关怀,96
叶修,雪亮,40
叶修,卡得,12
叶修,那也好,12
叶修,高中生,96
叶修,边笑边,96
叶修,白羊座,96
叶修,那哥,220
叶修,太马虎,168
叶修,探雷,76
叶修,张大嘴,76
叶修,大将军,148
叶修,查户口,152
叶修,云云,204
叶修,喻文州,3008
叶修,又被我,152
叶修,顾客,104
叶修,唐小姐,624
叶修,游龙,120
叶修,白吃,100
叶修,静静,184
叶修,张佳乐,172
叶修,双放,36
叶修,陈夜,36
叶修,巴结,124
叶修,段子,28
叶修,天亮,36
叶修,花大,52
叶修,林林,120
叶修,田野,120
叶修,麦子,84
叶修,胡闹,84
叶修,连沉玉,212
叶修,小姑娘,116
叶修,玉叶,116
叶修,比沉玉,116
叶修,苏醒,32
叶修,苏沐桧,560
叶修,长得帅,140
叶修,杨姐,140
叶修,宋词,280
叶修,子致,80
叶修,托孤,80
叶修,莫笑,80
叶修,别信,40
叶修,许诺,40
叶修,不出什,104
叶修,寒霜,104
叶修,牛修,104
叶修,张口,68
叶修,紫太刀,60
叶修,希杰,76
叶修,空旷,152
叶修,别介意,44
叶修,马屁拍,44
叶修,老东家,56
叶修,小山坡,92
叶修,东澈,92
叶修,比橙武,44
叶修,木有木,44
叶修,阴笑,28
叶修,成正比,56
叶修,梁芳,56
叶修,连冠,124
叶修,小丑,40
叶修,许兄,40
叶修,明赞,40
叶修,那可真,212
叶修,易容术,92
叶修,都宁,92
叶修,王道,92
叶修,苏井橙,120
叶修,明显化,120
叶修,阿红,188
叶修,道谢,144
叶修,太迟,56
叶修,喻文洲,76
叶修,何曾,56
叶修,双紫蛋,240
叶修,苏沐澄,160
叶修,齐备,44
叶修,太潮,44
叶修,布皮锁,44
叶修,周末好,44
叶修,戴起,80
叶修,祝贺,80
叶修,佩刀,24
叶修,晓之,152
叶修,连三,100
叶修,容知林,20
叶修,荆艮强,20
叶修,子炫纹,20
叶修,巴掌,92
叶修,雷同,112
叶修,矫健,112
叶修,迟早会,128
叶修,托亚操,68
叶修,和枫烨,68
叶修,殷勤,36
叶修,都是俱,36
叶修,若远,36
叶修,晓罗,36
叶修,查明,36
叶修,连贯性,4
叶修,俞文洲,4
叶修,莫昊,56
叶修,向沉玉,96
叶修,太猛,96
叶修,蓝布,80
叶修,连橙,120
叶修,齐夸,80
叶修,乐得嘴,80
叶修,连接成,80
叶修,有俱,8
叶修,了什,8
叶修,胡玩,60
叶修,钟爱,60
叶修,连超,116
叶修,和托亚,116
叶修,西红柿,116
叶修,明星,124
叶修,高达,124
叶修,周晔柏,40
叶修,立剑,64
叶修,大老远,64
叶修,大忠粉,84
叶修,小强,84
叶修,连紫,84
叶修,凤锤,168
叶修,夜未英,64
叶修,大赞,64
叶修,太高阶,12
叶修,和云,12
叶修,修文,16
叶修,完刚,16
叶修,潘林烁,32
叶修,王朝,68
叶修,大比拼,68
叶修,黄草,64
叶修,和云归,40
叶修,布娃娃,40
叶修,紫黑色,20
叶修,左掌,20
叶修,如云,100
叶修,白儿,132
叶修,越六,80
叶修,道德,40
叶修,包里,8
叶修,哥布森,8
叶修,布森,8
苏沐橙,奥义,4
苏沐橙,叶修,36900
苏沐橙,乔一帆,2476
苏沐橙,公奈,4
苏沐橙,唐柔,11148
苏沐橙,黄少天,4772
苏沐橙,陈果,4556
苏沐橙,玄幻,12
苏沐橙,潘林,968
苏沐橙,杨聪,608
苏沐橙,贺铭,108
苏沐橙,李老,12
苏沐橙,李艺博,1112
苏沐橙,孙翔,2684
苏沐橙,陈慕,48
苏沐橙,张无忌,12
苏沐橙,安逸,12
苏沐橙,张望,12
苏沐橙,钟声,84
苏沐橙,小白,4
苏沐橙,小楚,12
苏沐橙,小姐,84
苏沐橙,公德心,12
苏沐橙,马虎,4
苏沐橙,练花掌,4
苏沐橙,钭步,4
苏沐橙,宝贵,132
苏沐橙,韩文清,444
苏沐橙,许斌,236
苏沐橙,潘林挺,28
苏沐橙,齐齐发,4
苏沐橙,荣幸,12
苏沐橙,陈夜辉,1112
苏沐橙,刘皓,2688
苏沐橙,卡后,12
苏沐橙,叶大神,132
苏沐橙,蓝加,12
苏沐橙,方杰,96
苏沐橙,双循环,32
苏沐橙,白光剑,32
苏沐橙,白光,32
苏沐橙,解夜辉,4
苏沐橙,林子里,24
苏沐橙,塞进,28
苏沐橙,木剑,28
苏沐橙,招之,28
苏沐橙,高招,28
苏沐橙,祖师爷,28
苏沐橙,周泽楷,372
苏沐橙,饶绕岸,36
苏沐橙,叶哥,324
苏沐橙,小唐,52
苏沐橙,蓝武,12
苏沐橙,蓝紫,12
苏沐橙,楚云秀,156
苏沐橙,小圈子,108
苏沐橙,比一比,108
苏沐橙,真够傻,108
苏沐橙,云秀,108
苏沐橙,文明,44
苏沐橙,阴冷,44
苏沐橙,刘浩,108
苏沐橙,拉进来,44
苏沐橙,蓝集阁,28
苏沐橙,扬剑,28
苏沐橙,张新杰,140
苏沐橙,贺礼,24
苏沐橙,布甲,60
苏沐橙,唐乔,24
苏沐橙,雷鸣,24
苏沐橙,张罗,124
苏沐橙,红白,52
苏沐橙,白狼,52
苏沐橙,了影分,8
苏沐橙,卡怪,24
苏沐橙,安全性,8
苏沐橙,卡成,16
苏沐橙,满屏,12
苏沐橙,卜白,12
苏沐橙,康师傅,4
苏沐橙,王泽,52
苏沐橙,方锋然,52
苏沐橙,养老,24
苏沐橙,古老,100
苏沐橙,小姑娘,48
苏沐橙,乔一,4
苏沐橙,连冲,4
苏沐橙,包围住,4
苏沐橙,连修,4
苏沐橙,雪亮,4
苏沐橙,周折,4
苏沐橙,盛猛,4
苏沐橙,盛武,4
苏沐橙,新一波,4
苏沐橙,范围广,20
苏沐橙,齐声,20
苏沐橙,韦斯,8
苏沐橙,皮甲,52
苏沐橙,冉卡,8
苏沐橙,蓝膑,8
苏沐橙,唐桑,8
苏沐橙,李轩,36
苏沐橙,白沙,128
苏沐橙,红塔山,32
苏沐橙,黄鹤楼,32
苏沐橙,叶井,32
苏沐橙,左冲右,32
苏沐橙,唐昊,36
苏沐橙,林敬言,16
苏沐橙,高英杰,4
苏沐橙,宛若,20
苏沐橙,白归白,20
苏沐橙,花心思,20
苏沐橙,宁静,52
苏沐橙,黄少一,40
苏沐橙,王杰希,156
苏沐橙,呼啸声,8
苏沐橙,明堂,40
苏沐橙,玄奥,40
苏沐橙,宁死,40
苏沐橙,武光剑,40
苏沐橙,扬后,40
苏沐橙,小老鼠,40
苏沐橙,林子,16
苏沐橙,越往后,16
苏沐橙,乐章,76
苏沐橙,张口,84
苏沐橙,由翔哥,76
苏沐橙,王朝,76
苏沐橙,哈哈笑,76
苏沐橙,金山,76
苏沐橙,寒潭,12
苏沐橙,梁子,12
苏沐橙,王座,12
苏沐橙,灵光,12
苏沐橙,关怀,24
苏沐橙,大将军,4
苏沐橙,游龙,20
苏沐橙,静静,12
苏沐橙,张佳乐,68
苏沐橙,马甲,8
苏沐橙,天亮,8
苏沐橙,远高于,8
苏沐橙,花大,8
苏沐橙,杰希,8
苏沐橙,利剑,28
苏沐橙,麦子,28
苏沐橙,胡闹,28
苏沐橙,苏沐桧,624
苏沐橙,长得帅,156
苏沐橙,杨姐,156
苏沐橙,宋词,312
苏沐橙,子致,4
苏沐橙,托孤,4
苏沐橙,紫太刀,8
苏沐橙,比橙武,8
苏沐橙,木有木,8
苏沐橙,雅图,4
苏沐橙,谢后,4
苏沐橙,太贵,4
苏沐橙,那可真,36
苏沐橙,易容术,24
苏沐橙,都宁,24
苏沐橙,王道,24
苏沐橙,苏井橙,12
苏沐橙,明显化,12
苏沐橙,阿红,28
苏沐橙,道谢,48
苏沐橙,双紫蛋,24
苏沐橙,苏沐澄,16
苏沐橙,太马虎,8
苏沐橙,戴起,32
苏沐橙,祝贺,32
苏沐橙,晓之,56
苏沐橙,容知林,4
苏沐橙,荆艮强,4
苏沐橙,张开,4
苏沐橙,子炫纹,4
苏沐橙,乔一凡,48
苏沐橙,迟早会,16
苏沐橙,王希杰,64
苏沐橙,托亚操,8
苏沐橙,托亚,236
苏沐橙,和枫烨,8
苏沐橙,蓝布,8
苏沐橙,连橙,4
苏沐橙,连超,44
苏沐橙,和托亚,44
苏沐橙,西红柿,44
苏沐橙,明星,16
苏沐橙,高达,16
苏沐橙,大忠粉,24
苏沐橙,修文,24
苏沐橙,陈国,48
苏沐橙,完刚,24
苏沐橙,潘林烁,48
苏沐橙,老蓝,32
苏沐橙,连贯,32
苏沐橙,黄草,24
苏沐橙,白狼牙,4
苏沐橙,左掌,4
乔一帆,奥义,4
乔一帆,叶修,16868
乔一帆,苏沐橙,2476
乔一帆,公奈,4
乔一帆,唐柔,5100
乔一帆,黄少天,2968
乔一帆,唐门,80
乔一帆,乔一凡,644
乔一帆,齐道,80
乔一帆,幸福感,80
乔一帆,托亚,272
乔一帆,苏流橙,80
乔一帆,李轩,292
乔一帆,王杰希,3112
乔一帆,高英杰,6604
乔一帆,肖云,4852
乔一帆,孙翔,160
乔一帆,周烨柏,1588
乔一帆,柳非,1872
乔一帆,小杰,316
乔一帆,柳姐,88
乔一帆,林子,100
乔一帆,肖奎,88
乔一帆,陈果,380
乔一帆,高英击,56
乔一帆,齐齐发,4
乔一帆,寻思,20
乔一帆,乌龟,20
乔一帆,但宵云,20
乔一帆,布甲,48
乔一帆,连珠,20
乔一帆,小鱼儿,20
乔一帆,陈夜辉,1212
乔一帆,蓝集阁,52
乔一帆,刘皓,100
乔一帆,扬剑,52
乔一帆,邓复升,128
乔一帆,梁方,264
乔一帆,刘小别,24
乔一帆,韩文清,552
乔一帆,张新杰,20
乔一帆,李济,132
乔一帆,远高于,12
乔一帆,李亦辉,24
乔一帆,齐飞,12
乔一帆,贺礼,12
乔一帆,唐乔,12
乔一帆,雷鸣,12
乔一帆,英杰,372
乔一帆,乔一,8
乔一帆,连冲,8
乔一帆,包围住,8
乔一帆,连修,8
乔一帆,雪亮,8
乔一帆,周折,8
乔一帆,盛猛,8
乔一帆,盛武,28
乔一帆,新一波,28
乔一帆,韦斯,8
乔一帆,白沙,88
乔一帆,红塔山,24
乔一帆,黄鹤楼,24
乔一帆,叶井,24
乔一帆,左冲右,24
乔一帆,唐昊,132
乔一帆,林敬言,80
乔一帆,周泽楷,20
乔一帆,卓一帆,160
乔一帆,皮甲,40
乔一帆,蓝天,40
乔一帆,宁静,72
乔一帆,黄少一,60
乔一帆,呼啸声,4
乔一帆,林子里,16
乔一帆,越往后,12
乔一帆,寒潭,12
乔一帆,梁子,12
乔一帆,王座,12
乔一帆,宝贵,12
乔一帆,灵光,12
乔一帆,关怀,24
乔一帆,大将军,4
乔一帆,小唐,4
乔一帆,游龙,12
乔一帆,张佳乐,96
乔一帆,马甲,4
乔一帆,天亮,4
乔一帆,顾问团,16
乔一帆,张益玮,48
乔一帆,李博,48
乔一帆,明青,16
乔一帆,小九九,16
乔一帆,王希杰,64
乔一帆,杰希,52
乔一帆,林林,60
乔一帆,田野,60
乔一帆,张罗,16
乔一帆,张口,100
乔一帆,紫太刀,100
乔一帆,希杰,4
乔一帆,空旷,12
乔一帆,小姐,4
乔一帆,雅图,4
乔一帆,谢后,4
乔一帆,太贵,4
乔一帆,苏井橙,36
乔一帆,那可真,36
乔一帆,明显化,36
乔一帆,阿红,48
乔一帆,戴起,16
乔一帆,祝贺,16
乔一帆,容知林,4
乔一帆,荆艮强,4
乔一帆,张开,4
乔一帆,子炫纹,4
乔一帆,迟早会,12
乔一帆,卡后,16
乔一帆,莫昊,16
乔一帆,蓝绿,16
乔一帆,明星,20
乔一帆,高达,20
乔一帆,周晔柏,8
乔一帆,闻声,48
乔一帆,太高阶,48
乔一帆,和云,48
乔一帆,白狼牙,8
乔一帆,左掌,8
公奈,奥义,4
公奈,叶修,8
公奈,苏沐橙,4
公奈,乔一帆,4
北斗,解厄大,8
北斗,吕沉风,808
北斗,林柏英,568
北斗,严歌,432
北斗,吕师,192
北斗,路平,60
北斗,伍季,24
北斗,吕沉,48
北斗,林天仪,368
北斗,苏唐,428
北斗,许唯风,172
北斗,刚一柔,4
北斗,张开,8
北斗,千松尺,72
北斗,仁慈,32
北斗,云淡风,32
北斗,那波,32
北斗,唐三人,32
北斗,神武印,64
北斗,天醒,32
北斗,但天醒,32
北斗,盖章,8
北斗,玄武,20
北斗,武印,4
北斗,小妞,4
北斗,塞进去,4
北斗,加神武,4
北斗,唐人,4
北斗,平笑笑,4
北斗,望向正,4
解厄大,北斗,8
解厄大,吕沉风,88
解厄大,林柏英,64
解厄大,严歌,4
解厄大,吕师,12
解厄大,路平,12
解厄大,伍季,8
解厄大,吕沉,4
吕沉风,北斗,808
吕沉风,解厄大,88
吕沉风,林柏英,3640
吕沉风,严歌,1884
吕沉风,吕师,684
吕沉风,路平,440
吕沉风,伍季,216
吕沉风,吕沉,204
吕沉风,苏唐,1620
吕沉风,千松尺,192
吕沉风,仁慈,76
吕沉风,云淡风,76
吕沉风,那波,76
吕沉风,唐三人,76
吕沉风,许唯风,560
吕沉风,神武印,228
吕沉风,林天仪,1272
吕沉风,天醒,76
吕沉风,但天醒,76
吕沉风,盖章,8
吕沉风,玄武,20
吕沉风,武印,4
吕沉风,小妞,4
吕沉风,塞进去,4
吕沉风,加神武,4
吕沉风,唐人,4
吕沉风,卫天启,32
吕沉风,孤峰,8
吕沉风,向侧面,8
吕沉风,冷青,64
吕沉风,吕大人,8
吕沉风,吕征,8
吕沉风,张罗人,8
吕沉风,聂让,32
吕沉风,燕氏,8
吕沉风,英才,8
吕沉风,柏英,8
吕沉风,余波,120
吕沉风,大皇氏,60
吕沉风,余韵,60
吕沉风,何干,60
吕沉风,平笑笑,20
吕沉风,望向正,20
林柏英,北斗,568
林柏英,解厄大,64
林柏英,吕沉风,3640
林柏英,严歌,1856
林柏英,吕师,544
林柏英,路平,416
林柏英,伍季,240
林柏英,吕沉,224
林柏英,苏唐,1600
林柏英,千松尺,208
林柏英,仁慈,48
林柏英,云淡风,48
林柏英,那波,48
林柏英,唐三人,48
林柏英,许唯风,704
林柏英,神武印,176
林柏英,林天仪,1968
林柏英,天醒,48
林柏英,但天醒,48
林柏英,聂让,160
林柏英,燕氏,40
林柏英,英才,40
林柏英,柏英,40
林柏英,余波,128
林柏英,大皇氏,64
林柏英,余韵,64
林柏英,何干,64
林柏英,平笑笑,56
林柏英,望向正,56
严歌,北斗,432
严歌,解厄大,4
严歌,吕沉风,1884
严歌,林柏英,1856
严歌,吕师,316
严歌,路平,268
严歌,伍季,72
严歌,吕沉,116
严歌,林天仪,1024
严歌,苏唐,1224
严歌,许唯风,380
严歌,刚一柔,4
严歌,张开,8
严歌,齐声,8
严歌,冷青,220
严歌,阴奉阳,8
严歌,吕征,100
严歌,卫天启,24
严歌,千松尺,164
严歌,仁慈,48
严歌,云淡风,48
严歌,那波,48
严歌,唐三人,48
严歌,神武印,176
严歌,天醒,48
严歌,但天醒,48
严歌,盖章,8
严歌,玄武,20
严歌,武印,4
严歌,小妞,4
严歌,塞进去,4
严歌,加神武,4
严歌,唐人,4
严歌,余波,96
严歌,大皇氏,48
严歌,余韵,48
严歌,何干,48
严歌,屈服于,4
严歌,静静,12
严歌,温顺,12
严歌,平笑笑,32
严歌,望向正,32
吕师,北斗,192
吕师,解厄大,12
吕师,吕沉风,684
吕师,林柏英,544
吕师,严歌,316
吕师,路平,64
吕师,伍季,40
吕师,吕沉,48
吕师,苏唐,188
吕师,千松尺,56
吕师,仁慈,20
吕师,云淡风,20
吕师,那波,20
吕师,唐三人,20
吕师,许唯风,80
吕师,神武印,20
吕师,林天仪,176
吕师,天醒,20
吕师,但天醒,20
吕师,平笑笑,8
吕师,望向正,8
路平,北斗,60
路平,解厄大,12
路平,吕沉风,440
路平,林柏英,416
路平,严歌,268
路平,吕师,64
路平,伍季,252
路平,吕沉,24
路平,齐声,32
路平,冷青,1416
路平,阴奉阳,32
路平,吕征,836
路平,卫天启,208
路平,苏唐,124
路平,千松尺,56
路平,仁慈,4
路平,云淡风,4
路平,那波,4
路平,唐三人,4
路平,许唯风,112
路平,神武印,4
路平,林天仪,488
路平,天醒,4
路平,但天醒,4
路平,凌厉,20
路平,齐向,20
路平,聂让,108
路平,孤峰,28
路平,向侧面,28
路平,吕大人,28
路平,张罗人,28
路平,燕氏,12
路平,英才,12
路平,柏英,12
路平,屈服于,40
路平,静静,24
路平,温顺,24
路平,平笑笑,4
路平,望向正,4
伍季,北斗,24
伍季,解厄大,8
伍季,吕沉风,216
伍季,林柏英,240
伍季,严歌,72
伍季,吕师,40
伍季,路平,252
伍季,吕沉,24
伍季,凌厉,44
伍季,齐向,44
伍季,聂让,132
伍季,千松尺,16
伍季,平笑笑,8
伍季,望向正,8
伍季,苏唐,8
伍季,林天仪,56
吕沉,北斗,48
吕沉,解厄大,4
吕沉,吕沉风,204
吕沉,林柏英,224
吕沉,严歌,116
吕沉,吕师,48
吕沉,路平,24
吕沉,伍季,24
吕沉,苏唐,44
吕沉,千松尺,24
吕沉,仁慈,4
吕沉,云淡风,4
吕沉,那波,4
吕沉,唐三人,4
吕沉,许唯风,16
吕沉,神武印,4
吕沉,林天仪,80
吕沉,天醒,4
吕沉,但天醒,4
吕沉,平笑笑,8
吕沉,望向正,8
唐柔,叶修,100792
唐柔,乔一帆,5100
唐柔,黄少天,4912
唐柔,苏沐橙,11148
唐柔,唐门,8
唐柔,乔一凡,280
唐柔,齐道,8
唐柔,幸福感,8
唐柔,托亚,348
唐柔,苏流橙,8
唐柔,李轩,44
唐柔,陈果,37524
唐柔,玄幻,16
唐柔,潘林,96
唐柔,杨聪,116
唐柔,贺铭,144
唐柔,李老,16
唐柔,李艺博,72
唐柔,孙翔,848
唐柔,陈慕,60
唐柔,张无忌,16
唐柔,安逸,16
唐柔,张望,84
唐柔,齐聚,44
唐柔,张罗,56
唐柔,张罗来,8
唐柔,寒潭,28
唐柔,王杰希,10028
唐柔,高英杰,776
唐柔,柳非,784
唐柔,高英击,100
唐柔,钟声,88
唐柔,小白,64
唐柔,马虎,120
唐柔,练花掌,120
唐柔,钭步,120
唐柔,宝贵,216
唐柔,大了些,148
唐柔,美玉,52
唐柔,小唐,1136
唐柔,修正,104
唐柔,杰希,140
唐柔,上一飞,44
唐柔,平飞,44
唐柔,天上飞,44
唐柔,荣幸,12
唐柔,陈夜辉,2336
唐柔,刘皓,6376
唐柔,卡后,12
唐柔,叶大神,228
唐柔,蓝加,12
唐柔,解夜辉,48
唐柔,林子里,72
唐柔,塞进,148
唐柔,木剑,32
唐柔,招之,32
唐柔,高招,32
唐柔,祖师爷,32
唐柔,周泽楷,96
唐柔,双薪,12
唐柔,杜绝,48
唐柔,饶绕岸,76
唐柔,叶哥,544
唐柔,向岩,28
唐柔,闻声,168
唐柔,但岩,56
唐柔,从岩,56
唐柔,和岩,56
唐柔,周烨柏,400
唐柔,寻思,12
唐柔,乌龟,12
唐柔,但宵云,12
唐柔,布甲,92
唐柔,连珠,12
唐柔,小鱼儿,12
唐柔,肖云,1892
唐柔,利剑,140
唐柔,张开,80
唐柔,蓝武,44
唐柔,蓝紫,44
唐柔,楚云秀,56
唐柔,小圈子,48
唐柔,比一比,48
唐柔,真够傻,48
唐柔,云秀,48
唐柔,文明,8
唐柔,阴冷,8
唐柔,刘浩,16
唐柔,拉进来,8
唐柔,王泽,536
唐柔,方锋然,536
唐柔,张家兴,48
唐柔,申建,80
唐柔,沙蚕,96
唐柔,陈国,96
唐柔,叶锋,48
唐柔,但盾,48
唐柔,冷清,8
唐柔,唐果,72
唐柔,贺礼,24
唐柔,唐乔,24
唐柔,雷鸣,24
唐柔,红白,40
唐柔,白狼,40
唐柔,了影分,8
唐柔,卡怪,24
唐柔,安全性,8
唐柔,卡成,16
唐柔,英杰,16
唐柔,满屏,12
唐柔,卜白,12
唐柔,康师傅,112
唐柔,小姐,304
唐柔,王朝后,16
唐柔,玄虚,16
唐柔,白送,16
唐柔,刘小别,984
唐柔,闻明,16
唐柔,梁方,372
唐柔,王大眼,68
唐柔,高高挂,4
唐柔,朽木,4
唐柔,白帅帅,4
唐柔,乔一,12
唐柔,连冲,12
唐柔,包围住,12
唐柔,连修,12
唐柔,雪亮,12
唐柔,周折,12
唐柔,盛猛,12
唐柔,高超,36
唐柔,盛武,32
唐柔,新一波,32
唐柔,叶冉,20
唐柔,齐声,288
唐柔,马甲,20
唐柔,韦斯,8
唐柔,皮甲,52
唐柔,冉卡,20
唐柔,蓝膑,20
唐柔,唐桑,20
唐柔,白沙,88
唐柔,红塔山,28
唐柔,黄鹤楼,28
唐柔,叶井,28
唐柔,左冲右,28
唐柔,连唐,24
唐柔,田九,96
唐柔,唐昊,152
唐柔,林敬言,96
唐柔,宁静,20
唐柔,黄少一,20
唐柔,明堂,76
唐柔,玄奥,76
唐柔,宁死,76
唐柔,武光剑,76
唐柔,扬后,76
唐柔,小老鼠,76
唐柔,连帽衫,68
唐柔,映亮,68
唐柔,西晃,68
唐柔,韩文清,92
唐柔,梁子,20
唐柔,王座,20
唐柔,灵光,20
唐柔,关怀,40
唐柔,卡得,88
唐柔,那也好,88
唐柔,高中生,72
唐柔,边笑边,72
唐柔,白羊座,72
唐柔,那哥,12
唐柔,太马虎,36
唐柔,大将军,88
唐柔,查户口,80
唐柔,云云,80
唐柔,喻文州,944
唐柔,又被我,80
唐柔,顾客,96
唐柔,唐小姐,576
唐柔,游龙,36
唐柔,蔚蓝,144
唐柔,白吃,144
唐柔,静静,80
唐柔,许斌,80
唐柔,张佳乐,80
唐柔,海扁,8
唐柔,双放,8
唐柔,陈夜,8
唐柔,段子,8
唐柔,远高于,8
唐柔,花大,8
唐柔,麦子,16
唐柔,胡闹,16
唐柔,苏沐桧,48
唐柔,长得帅,12
唐柔,杨姐,12
唐柔,宋词,24
唐柔,不出什,76
唐柔,寒霜,76
唐柔,牛修,76
唐柔,张口,8
唐柔,紫太刀,8
唐柔,希杰,88
唐柔,空旷,96
唐柔,小山坡,48
唐柔,东澈,48
唐柔,比橙武,28
唐柔,木有木,28
唐柔,那可真,64
唐柔,易容术,16
唐柔,都宁,16
唐柔,王道,16
唐柔,苏井橙,48
唐柔,明显化,48
唐柔,阿红,116
唐柔,道谢,84
唐柔,太迟,8
唐柔,喻文洲,8
唐柔,何曾,8
唐柔,双紫蛋,72
唐柔,苏沐澄,48
唐柔,戴起,4
唐柔,祝贺,4
唐柔,晓之,64
唐柔,容知林,4
唐柔,荆艮强,4
唐柔,子炫纹,4
唐柔,小杰,20
唐柔,巴掌,68
唐柔,迟早会,184
唐柔,王希杰,272
唐柔,托亚操,16
唐柔,和枫烨,16
唐柔,殷勤,4
唐柔,都是俱,4
唐柔,若远,4
唐柔,晓罗,4
唐柔,查明,4
唐柔,蓝布,32
唐柔,连橙,4
唐柔,齐夸,36
唐柔,乐得嘴,36
唐柔,连接成,36
唐柔,胡玩,116
唐柔,钟爱,116
唐柔,连超,32
唐柔,和托亚,32
唐柔,西红柿,32
唐柔,明星,128
唐柔,高达,128
唐柔,周晔柏,4
唐柔,大忠粉,4
唐柔,太高阶,8
唐柔,和云,8
唐柔,太清,20
唐柔,王朝,20
唐柔,连冠,20
唐柔,大比拼,20
唐柔,邓复升,20
唐柔,老蓝,16
唐柔,连贯,16
唐柔,黄草,8
唐柔,白狼牙,8
唐柔,左掌,8
唐柔,白儿,84
黄少天,唐柔,4912
黄少天,叶修,22064
黄少天,乔一帆,2968
黄少天,苏沐橙,4772
黄少天,王杰希,1064
黄少天,高英杰,180
黄少天,肖云,188
黄少天,孙翔,488
黄少天,周烨柏,20
黄少天,柳非,20
黄少天,小杰,8
黄少天,柳姐,4
黄少天,林子,108
黄少天,肖奎,4
黄少天,布甲,72
黄少天,皮甲,248
黄少天,左翼,64
黄少天,林子里,308
黄少天,宝宝,64
黄少天,陈果,952
黄少天,钟声,92
黄少天,武强,304
黄少天,叶井,92
黄少天,杨聪,44
黄少天,潘林,64
黄少天,李艺博,52
黄少天,韩文清,568
黄少天,许斌,32
黄少天,潘林挺,4
黄少天,刘皓,3960
黄少天,塞进,88
黄少天,木剑,172
黄少天,招之,88
黄少天,高招,88
黄少天,祖师爷,88
黄少天,周泽楷,168
黄少天,文明,100
黄少天,阴冷,100
黄少天,刘浩,200
黄少天,拉进来,100
黄少天,陈夜辉,640
黄少天,王泽,40
黄少天,方锋然,40
黄少天,张家兴,60
黄少天,申建,100
黄少天,张新杰,380
黄少天,贺礼,4
黄少天,唐乔,4
黄少天,雷鸣,4
黄少天,乔一,16
黄少天,连冲,16
黄少天,包围住,16
黄少天,连修,16
黄少天,雪亮,16
黄少天,周折,16
黄少天,盛猛,16
黄少天,盛武,64
黄少天,新一波,64
黄少天,叶冉,4
黄少天,齐声,8
黄少天,马甲,4
黄少天,韦斯,120
黄少天,连唐,4
黄少天,田九,16
黄少天,唐昊,376
黄少天,林敬言,288
黄少天,莫笑,120
黄少天,黄少友,120
黄少天,龚之剑,120
黄少天,子飞,120
黄少天,宁静,184
黄少天,黄少一,100
黄少天,张望,24
黄少天,连帽衫,24
黄少天,映亮,24
黄少天,西晃,24
黄少天,叶大神,24
黄少天,越往后,104
黄少天,查户口,40
黄少天,云云,44
黄少天,小唐,40
黄少天,喻文州,4744
黄少天,又被我,40
黄少天,游龙,4
黄少天,远高于,48
黄少天,花大,48
黄少天,杰希,48
黄少天,苏沐桧,16
黄少天,长得帅,4
黄少天,杨姐,4
黄少天,宋词,8
黄少天,那可真,72
黄少天,易容术,72
黄少天,都宁,72
黄少天,王道,72
黄少天,太迟,72
黄少天,喻文洲,512
黄少天,何曾,72
黄少天,梅西,28
黄少天,易老朝,28
黄少天,张卡,28
黄少天,黄少队,28
黄少天,容知林,20
黄少天,荆艮强,20
黄少天,张开,20
黄少天,子炫纹,20
黄少天,齐聚,64
黄少天,连贯性,88
黄少天,俞文洲,88
黄少天,加粗,168
黄少天,小剑,84
黄少天,王大眼,20
黄少天,太清,20
黄少天,王朝,20
黄少天,连冠,20
黄少天,大比拼,20
黄少天,邓复升,20
黄少天,之森,4
黄少天,白狼,4
黄少天,李轩,4
黄少天,张佳乐,20
黄少天,白狼牙,4
黄少天,左掌,4
唐门,叶修,76
唐门,乔一帆,80
唐门,乔一凡,4
唐门,唐柔,8
唐门,齐道,4
唐门,幸福感,4
唐门,托亚,4
唐门,苏流橙,4
唐门,李轩,4
乔一凡,叶修,580
乔一凡,乔一帆,644
乔一凡,唐门,4
乔一凡,唐柔,280
乔一凡,齐道,4
乔一凡,幸福感,4
乔一凡,托亚,8
乔一凡,苏流橙,4
乔一凡,李轩,4
乔一凡,高英杰,372
乔一凡,王杰希,312
乔一凡,英杰,24
乔一凡,齐声,4
乔一凡,肖云,156
乔一凡,周烨柏,48
乔一凡,柳非,72
乔一凡,顾问团,12
乔一凡,张益玮,36
乔一凡,李博,36
乔一凡,明青,12
乔一凡,小杰,12
乔一凡,小九九,12
乔一凡,王希杰,60
乔一凡,杰希,24
乔一凡,邓复升,12
乔一凡,阿红,12
乔一凡,苏沐橙,48
乔一凡,孙翔,12
乔一凡,迟早会,12
齐道,叶修,76
齐道,乔一帆,80
齐道,唐门,4
齐道,乔一凡,4
齐道,唐柔,8
齐道,幸福感,4
齐道,托亚,4
齐道,苏流橙,4
齐道,李轩,4
幸福感,叶修,76
幸福感,乔一帆,80
幸福感,唐门,4
幸福感,乔一凡,4
幸福感,唐柔,8
幸福感,齐道,4
幸福感,托亚,4
幸福感,苏流橙,4
幸福感,李轩,4
托亚,叶修,1008
托亚,乔一帆,272
托亚,唐门,4
托亚,乔一凡,8
托亚,唐柔,348
托亚,齐道,4
托亚,幸福感,4
托亚,苏流橙,4
托亚,李轩,4
托亚,易春老,8
托亚,仲伯,8
托亚,老蓝,8
托亚,望天,8
托亚,陈果,80
托亚,双薪,20
托亚,杜绝,20
托亚,齐声,4
托亚,托亚操,8
托亚,苏沐橙,236
托亚,和枫烨,8
托亚,连超,20
托亚,道谢,20
托亚,皮甲,20
托亚,和托亚,20
托亚,小姐,20
托亚,西红柿,20
托亚,闻声,16
托亚,太高阶,16
托亚,和云,16
托亚,越六,8
托亚,道德,4
苏流橙,叶修,76
苏流橙,乔一帆,80
苏流橙,唐门,4
苏流橙,乔一凡,4
苏流橙,唐柔,8
苏流橙,齐道,4
苏流橙,幸福感,4
苏流橙,托亚,4
苏流橙,李轩,4
李轩,叶修,636
李轩,乔一帆,292
李轩,唐门,4
李轩,乔一凡,4
李轩,唐柔,44
李轩,齐道,4
李轩,幸福感,4
李轩,托亚,4
李轩,苏流橙,4
李轩,苏沐橙,36
李轩,白沙,12
李轩,红塔山,4
李轩,黄鹤楼,4
李轩,叶井,4
李轩,左冲右,4
李轩,林林,12
李轩,田野,12
李轩,高英杰,12
李轩,张佳乐,20
李轩,唐昊,16
李轩,黄少天,4
李轩,白狼牙,4
李轩,左掌,4
王杰希,高英杰,2728
王杰希,乔一帆,3112
王杰希,肖云,3708
王杰希,孙翔,104
王杰希,周烨柏,760
王杰希,柳非,1740
王杰希,小杰,232
王杰希,柳姐,16
王杰希,林子,16
王杰希,肖奎,16
王杰希,黄少天,1064
王杰希,叶修,15636
王杰希,唐柔,10028
王杰希,陈果,1144
王杰希,高英击,88
王杰希,杰希,448
王杰希,上一飞,60
王杰希,平飞,60
王杰希,天上飞,60
王杰希,连贯,36
王杰希,太清,124
王杰希,王希杰,604
王杰希,邓复升,1064
王杰希,梁方,3168
王杰希,刘小别,2060
王杰希,李济,784
王杰希,远高于,92
王杰希,李亦辉,136
王杰希,齐飞,68
王杰希,乔一凡,312
王杰希,英杰,8
王杰希,王朝后,68
王杰希,玄虚,68
王杰希,白送,68
王杰希,闻明,68
王杰希,王大眼,292
王杰希,后君,32
王杰希,刘皓,204
王杰希,之杰希,32
王杰希,连唐,92
王杰希,齐声,92
王杰希,田九,368
王杰希,宁静,4
王杰希,苏沐橙,156
王杰希,黄少一,4
王杰希,顾客,84
王杰希,唐小姐,504
王杰希,顾问团,100
王杰希,张益玮,300
王杰希,李博,300
王杰希,明青,100
王杰希,小九九,100
王杰希,花大,24
王杰希,韩文清,20
王杰希,张口,4
王杰希,紫太刀,4
王杰希,希杰,92
王杰希,空旷,92
王杰希,小姐,92
王杰希,成正比,16
王杰希,梁芳,16
王杰希,连冠,104
王杰希,叶大神,16
王杰希,陈夜辉,16
王杰希,那可真,16
王杰希,易容术,4
王杰希,都宁,4
王杰希,王道,4
王杰希,苏井橙,12
王杰希,明显化,12
王杰希,阿红,12
王杰希,卡后,72
王杰希,莫昊,72
王杰希,蓝绿,72
王杰希,王朝,88
王杰希,大比拼,88
王杰希,白儿,72
高英杰,王杰希,2728
高英杰,乔一帆,6604
高英杰,肖云,5904
高英杰,孙翔,72
高英杰,周烨柏,2236
高英杰,柳非,2940
高英杰,小杰,460
高英杰,柳姐,60
高英杰,林子,60
高英杰,肖奎,60
高英杰,黄少天,180
高英杰,叶修,3656
高英杰,唐柔,776
高英杰,陈果,40
高英杰,高英击,12
高英杰,寻思,28
高英杰,乌龟,28
高英杰,但宵云,28
高英杰,布甲,28
高英杰,连珠,28
高英杰,小鱼儿,28
高英杰,邓复升,120
高英杰,梁方,84
高英杰,刘小别,24
高英杰,李济,132
高英杰,远高于,12
高英杰,李亦辉,24
高英杰,齐飞,12
高英杰,乔一凡,372
高英杰,英杰,256
高英杰,后君,44
高英杰,刘皓,92
高英杰,之杰希,44
高英杰,唐昊,20
高英杰,林敬言,16
高英杰,周泽楷,4
高英杰,苏沐橙,4
高英杰,卓一帆,80
高英杰,皮甲,20
高英杰,蓝天,20
高英杰,顾问团,48
高英杰,张益玮,144
高英杰,李博,144
高英杰,明青,48
高英杰,小九九,48
高英杰,王希杰,48
高英杰,杰希,100
高英杰,林林,4
高英杰,田野,4
高英杰,李轩,12
高英杰,卡后,4
高英杰,莫昊,4
高英杰,蓝绿,4
高英杰,空旷,28
高英杰,周晔柏,28
高英杰,王大眼,8
高英杰,太清,8
高英杰,王朝,8
高英杰,连冠,8
高英杰,大比拼,8
肖云,王杰希,3708
肖云,高英杰,5904
肖云,乔一帆,4852
肖云,孙翔,68
肖云,周烨柏,2520
肖云,柳非,3312
肖云,小杰,464
肖云,柳姐,68
肖云,林子,68
肖云,肖奎,68
肖云,黄少天,188
肖云,叶修,3756
肖云,寻思,8
肖云,乌龟,8
肖云,唐柔,1892
肖云,但宵云,8
肖云,布甲,8
肖云,连珠,8
肖云,小鱼儿,8
肖云,李济,88
肖云,远高于,8
肖云,梁方,444
肖云,刘小别,684
肖云,李亦辉,16
肖云,邓复升,156
肖云,齐飞,8
肖云,王朝后,4
肖云,玄虚,4
肖云,白送,4
肖云,闻明,4
肖云,王大眼,12
肖云,卓一帆,512
肖云,皮甲,128
肖云,蓝天,128
肖云,顾问团,52
肖云,张益玮,156
肖云,李博,156
肖云,明青,52
肖云,小九九,52
肖云,王希杰,52
肖云,杰希,124
肖云,乔一凡,156
肖云,英杰,132
肖云,卡后,20
肖云,莫昊,20
肖云,蓝绿,20
肖云,陈果,80
肖云,刘皓,20
肖云,空旷,4
肖云,周晔柏,4
肖云,白儿,64
孙翔,王杰希,104
孙翔,高英杰,72
孙翔,乔一帆,160
孙翔,肖云,68
孙翔,周烨柏,20
孙翔,柳非,20
孙翔,小杰,8
孙翔,柳姐,4
孙翔,林子,4
孙翔,肖奎,4
孙翔,黄少天,488
孙翔,叶修,3764
孙翔,陈果,2228
孙翔,玄幻,16
孙翔,潘林,2640
孙翔,苏沐橙,2684
孙翔,杨聪,1348
孙翔,贺铭,144
孙翔,李老,16
孙翔,李艺博,2540
孙翔,陈慕,48
孙翔,张无忌,16
孙翔,安逸,16
孙翔,唐柔,848
孙翔,张望,16
孙翔,韩文清,84
孙翔,许斌,868
孙翔,潘林挺,72
孙翔,刘皓,1056
孙翔,陈夜辉,244
孙翔,王泽,76
孙翔,方锋然,76
孙翔,张家兴,72
孙翔,申建,120
孙翔,康师傅,12
孙翔,小姐,20
孙翔,养老,24
孙翔,古老,100
孙翔,小姑娘,48
孙翔,唐昊,60
孙翔,林敬言,48
孙翔,周泽楷,20
孙翔,苗子,80
孙翔,夜辉,8
孙翔,乐章,76
孙翔,张口,76
孙翔,叶哥,248
孙翔,由翔哥,76
孙翔,王朝,76
孙翔,哈哈笑,76
孙翔,金山,76
孙翔,宝贵,76
孙翔,顾客,4
孙翔,唐小姐,24
孙翔,静静,4
孙翔,小唐,4
孙翔,苏沐桧,16
孙翔,长得帅,4
孙翔,杨姐,4
孙翔,宋词,8
孙翔,老东家,4
孙翔,齐声,4
孙翔,小丑,72
孙翔,许兄,72
孙翔,明赞,72
孙翔,那可真,4
孙翔,易容术,4
孙翔,都宁,4
孙翔,王道,4
孙翔,阿红,4
孙翔,乔一凡,12
孙翔,迟早会,4
孙翔,王希杰,16
孙翔,张罗,16
孙翔,大忠粉,8
孙翔,楚云秀,16
孙翔,修文,44
孙翔,陈国,88
孙翔,完刚,44
孙翔,潘林烁,88
周烨柏,王杰希,760
周烨柏,高英杰,2236
周烨柏,乔一帆,1588
周烨柏,肖云,2520
周烨柏,孙翔,20
周烨柏,柳非,1712
周烨柏,小杰,164
周烨柏,柳姐,20
周烨柏,林子,20
周烨柏,肖奎,20
周烨柏,黄少天,20
周烨柏,叶修,1232
周烨柏,寻思,72
周烨柏,乌龟,72
周烨柏,唐柔,400
周烨柏,但宵云,72
周烨柏,布甲,72
周烨柏,连珠,72
周烨柏,小鱼儿,72
周烨柏,李济,88
周烨柏,远高于,8
周烨柏,梁方,72
周烨柏,刘小别,48
周烨柏,李亦辉,16
周烨柏,邓复升,56
周烨柏,齐飞,8
周烨柏,卓一帆,64
周烨柏,皮甲,16
周烨柏,蓝天,16
周烨柏,顾问团,16
周烨柏,张益玮,48
周烨柏,李博,48
周烨柏,明青,16
周烨柏,小九九,16
周烨柏,王希杰,16
周烨柏,杰希,36
周烨柏,乔一凡,48
周烨柏,英杰,36
周烨柏,卡后,4
周烨柏,莫昊,4
周烨柏,蓝绿,4
周烨柏,陈果,16
周烨柏,刘皓,4
周烨柏,空旷,28
周烨柏,周晔柏,28
周烨柏,白儿,4
柳非,王杰希,1740
柳非,高英杰,2940
柳非,乔一帆,1872
柳非,肖云,3312
柳非,孙翔,20
柳非,周烨柏,1712
柳非,小杰,288
柳非,柳姐,20
柳非,林子,20
柳非,肖奎,20
柳非,黄少天,20
柳非,叶修,1796
柳非,唐柔,784
柳非,陈果,64
柳非,高英击,4
柳非,寻思,16
柳非,乌龟,16
柳非,但宵云,16
柳非,布甲,16
柳非,连珠,16
柳非,小鱼儿,16
柳非,连贯,4
柳非,太清,4
柳非,王希杰,80
柳非,邓复升,112
柳非,梁方,36
柳非,刘小别,36
柳非,李济,312
柳非,远高于,28
柳非,李亦辉,56
柳非,齐飞,28
柳非,卓一帆,80
柳非,皮甲,20
柳非,蓝天,20
柳非,顾问团,24
柳非,张益玮,72
柳非,李博,72
柳非,明青,24
柳非,小九九,24
柳非,杰希,68
柳非,乔一凡,72
柳非,希杰,20
柳非,空旷,104
柳非,小姐,20
柳非,英杰,56
柳非,周晔柏,84
小杰,王杰希,232
小杰,高英杰,460
小杰,乔一帆,316
小杰,肖云,464
小杰,孙翔,8
小杰,周烨柏,164
小杰,柳非,288
小杰,柳姐,8
小杰,林子,8
小杰,肖奎,8
小杰,黄少天,8
小杰,叶修,128
小杰,李济,44
小杰,远高于,4
小杰,梁方,4
小杰,刘小别,4
小杰,李亦辉,8
小杰,邓复升,16
小杰,齐飞,4
小杰,后君,4
小杰,刘皓,8
小杰,之杰希,4
小杰,顾问团,4
小杰,张益玮,12
小杰,李博,12
小杰,明青,4
小杰,小九九,4
小杰,王希杰,4
小杰,杰希,8
小杰,乔一凡,12
小杰,英杰,8
小杰,唐柔,20
小杰,空旷,4
小杰,周晔柏,4
柳姐,王杰希,16
柳姐,高英杰,60
柳姐,乔一帆,88
柳姐,肖云,68
柳姐,孙翔,4
柳姐,周烨柏,20
柳姐,柳非,20
柳姐,小杰,8
柳姐,林子,4
柳姐,肖奎,4
柳姐,黄少天,4
柳姐,叶修,4
林子,王杰希,16
林子,高英杰,60
林子,乔一帆,100
林子,肖云,68
林子,孙翔,4
林子,周烨柏,20
林子,柳非,20
林子,小杰,8
林子,柳姐,4
林子,肖奎,4
林子,黄少天,108
林子,叶修,188
林子,苏沐橙,16
林子,林子里,4
林子,越往后,4
林子,陈夜辉,4
林子,雷同,4
林子,矫健,4
肖奎,王杰希,16
肖奎,高英杰,60
肖奎,乔一帆,88
肖奎,肖云,68
肖奎,孙翔,4
肖奎,周烨柏,20
肖奎,柳非,20
肖奎,小杰,8
肖奎,柳姐,4
肖奎,林子,4
肖奎,黄少天,4
肖奎,叶修,4
雷鸣,叶修,1052
雷鸣,格槽边,12
雷鸣,蓝绿,12
雷鸣,紫铜,12
雷鸣,苏沐橙,24
雷鸣,贺礼,4
雷鸣,布甲,8
雷鸣,唐柔,24
雷鸣,乔一帆,12
雷鸣,唐乔,4
雷鸣,黄少天,4
雷鸣,武侠,24
雷鸣,亚葛,8
雷鸣,齐备,24
雷鸣,太潮,24
雷鸣,布皮锁,24
雷鸣,周末好,24
雷鸣,齐声,16
雷鸣,云归,16
雷鸣,齐聚,4
雷鸣,和云归,16
雷鸣,布娃娃,16
雷鸣,紫黑色,8
雷鸣,包里,20
雷鸣,哥布森,20
雷鸣,布森,20
雷鸣,林子里,20
布甲,皮甲,4
布甲,左翼,4
布甲,黄少天,72
布甲,林子里,4
布甲,叶修,312
布甲,宝宝,4
布甲,周烨柏,72
布甲,寻思,4
布甲,乌龟,4
布甲,唐柔,92
布甲,但宵云,4
布甲,连珠,4
布甲,高英杰,28
布甲,柳非,16
布甲,小鱼儿,4
布甲,乔一帆,48
布甲,肖云,8
布甲,苏沐橙,60
布甲,贺礼,8
布甲,唐乔,8
布甲,雷鸣,8
布甲,宁静,12
布甲,雅图,4
布甲,张罗,4
布甲,谢后,4
布甲,太贵,4
布甲,蓝布,4
皮甲,布甲,4
皮甲,左翼,4
皮甲,黄少天,248
皮甲,林子里,4
皮甲,叶修,412
皮甲,宝宝,4
皮甲,武强,16
皮甲,叶井,8
皮甲,刘皓,52
皮甲,苏沐橙,52
皮甲,冉卡,4
皮甲,蓝膑,4
皮甲,唐柔,52
皮甲,唐桑,4
皮甲,陈夜辉,20
皮甲,叶大神,4
皮甲,周烨柏,16
皮甲,柳非,20
皮甲,乔一帆,40
皮甲,肖云,128
皮甲,高英杰,20
皮甲,卓一帆,16
皮甲,蓝天,4
皮甲,托亚,20
皮甲,连超,4
皮甲,道谢,4
皮甲,和托亚,4
皮甲,小姐,4
皮甲,西红柿,4
左翼,布甲,4
左翼,皮甲,4
左翼,黄少天,64
左翼,林子里,4
左翼,叶修,48
左翼,宝宝,4
林子里,布甲,4
林子里,皮甲,4
林子里,左翼,4
林子里,黄少天,308
林子里,叶修,272
林子里,宝宝,4
林子里,陈夜辉,60
林子里,刘皓,28
林子里,解夜辉,4
林子里,唐柔,72
林子里,苏沐橙,24
林子里,陈果,8
林子里,莫笑,4
林子里,黄少友,4
林子里,龚之剑,4
林子里,子飞,4
林子里,武强,4
林子里,乔一帆,16
林子里,林子,4
林子里,越往后,4
林子里,容知林,4
林子里,荆艮强,4
林子里,张开,4
林子里,子炫纹,4
林子里,包里,4
林子里,雷鸣,20
林子里,哥布森,4
林子里,布森,4
宝宝,布甲,4
宝宝,皮甲,4
宝宝,左翼,4
宝宝,黄少天,64
宝宝,林子里,4
宝宝,叶修,48
陈果,叶修,79620
陈果,玄幻,116
陈果,潘林,1800
陈果,苏沐橙,4556
陈果,杨聪,676
陈果,贺铭,1044
陈果,李老,116
陈果,李艺博,1824
陈果,孙翔,2228
陈果,陈慕,428
陈果,张无忌,116
陈果,安逸,116
陈果,唐柔,37524
陈果,张望,128
陈果,王杰希,1144
陈果,高英杰,40
陈果,柳非,64
陈果,乔一帆,380
陈果,高英击,8
陈果,钟声,8
陈果,黄少天,952
陈果,小楚,164
陈果,小姐,384
陈果,公德心,164
陈果,叶哥,328
陈果,栗木,208
陈果,通知书,104
陈果,韩文清,20
陈果,许斌,312
陈果,潘林挺,16
陈果,大了些,160
陈果,美玉,124
陈果,小唐,1224
陈果,修正,248
陈果,杰希,24
陈果,上一飞,8
陈果,平飞,8
陈果,天上飞,8
陈果,方杰,24
陈果,双循环,8
陈果,白光剑,8
陈果,白光,8
陈果,双薪,16
陈果,杜绝,56
陈果,托亚,80
陈果,饶绕岸,112
陈果,利剑,116
陈果,张开,116
陈果,连贯,56
陈果,太清,56
陈果,王希杰,784
陈果,邓复升,120
陈果,梁方,504
陈果,刘小别,232
陈果,李济,56
陈果,楚云秀,120
陈果,小圈子,8
陈果,比一比,8
陈果,真够傻,8
陈果,云秀,8
陈果,刘皓,2232
陈果,陈夜辉,296
陈果,王泽,64
陈果,方锋然,64
陈果,张家兴,24
陈果,申建,40
陈果,沙蚕,36
陈果,陈国,68
陈果,冷清,4
陈果,卡有,192
陈果,白净,192
陈果,钱塞,192
陈果,唐果,104
陈果,青铜剑,12
陈果,布满,12
陈果,蓝绿,116
陈果,史诗,24
陈果,之森,24
陈果,来格森,12
陈果,林子里,8
陈果,满屏,80
陈果,卜白,80
陈果,闻声,128
陈果,康师傅,12
陈果,养老,40
陈果,古老,40
陈果,小姑娘,88
陈果,高高挂,60
陈果,朽木,60
陈果,白帅帅,60
陈果,齐声,252
陈果,白花花,64
陈果,张卡朝,64
陈果,范围广,16
陈果,齐赞,32
陈果,连帽衫,12
陈果,映亮,12
陈果,西晃,12
陈果,叶大神,140
陈果,卡得,156
陈果,那也好,156
陈果,高中生,4
陈果,边笑边,4
陈果,白羊座,4
陈果,那哥,40
陈果,小白,80
陈果,太马虎,28
陈果,大将军,132
陈果,查户口,76
陈果,云云,76
陈果,喻文州,684
陈果,又被我,76
陈果,蔚蓝,96
陈果,白吃,96
陈果,静静,8
陈果,段子,64
陈果,连沉玉,16
陈果,玉叶,8
陈果,比沉玉,8
陈果,蓝武,44
陈果,苏沐桧,16
陈果,周泽楷,8
陈果,长得帅,4
陈果,杨姐,4
陈果,宋词,8
陈果,比橙武,12
陈果,木有木,12
陈果,成正比,8
陈果,梁芳,8
陈果,连冠,8
陈果,小丑,44
陈果,许兄,44
陈果,明赞,44
陈果,苗子,44
陈果,荣幸,40
陈果,苏井橙,8
陈果,那可真,8
陈果,明显化,8
陈果,阿红,8
陈果,晓之,60
陈果,巴掌,136
陈果,肖云,80
陈果,周烨柏,16
陈果,卡后,16
陈果,莫昊,16
陈果,向沉玉,8
陈果,太猛,8
陈果,齐夸,60
陈果,乐得嘴,60
陈果,连接成,60
陈果,迟早会,136
陈果,塞进,136
陈果,胡玩,136
陈果,钟爱,136
陈果,张罗,112
陈果,大忠粉,56
陈果,修文,16
陈果,完刚,16
陈果,潘林烁,32
陈果,如云,60
玄幻,叶修,100
玄幻,陈果,116
玄幻,潘林,24
玄幻,苏沐橙,12
玄幻,杨聪,8
玄幻,贺铭,36
玄幻,李老,4
玄幻,李艺博,12
玄幻,孙翔,16
玄幻,陈慕,12
玄幻,张无忌,4
玄幻,安逸,4
玄幻,唐柔,16
玄幻,张望,4
潘林,叶修,1912
潘林,陈果,1800
潘林,玄幻,24
潘林,苏沐橙,968
潘林,杨聪,1280
潘林,贺铭,216
潘林,李老,24
潘林,李艺博,2408
潘林,孙翔,2640
潘林,陈慕,72
潘林,张无忌,24
潘林,安逸,24
潘林,唐柔,96
潘林,张望,24
潘林,黄少天,64
潘林,韩文清,64
潘林,许斌,704
潘林,潘林挺,64
潘林,范围广,32
潘林,齐声,32
潘林,小丑,48
潘林,许兄,48
潘林,明赞,48
潘林,苗子,48
潘林,修文,48
潘林,陈国,96
潘林,完刚,48
潘林,潘林烁,96
杨聪,叶修,976
杨聪,陈果,676
杨聪,玄幻,8
杨聪,潘林,1280
杨聪,苏沐橙,608
杨聪,贺铭,72
杨聪,李老,8
杨聪,李艺博,1192
杨聪,孙翔,1348
杨聪,陈慕,24
杨聪,张无忌,8
杨聪,安逸,8
杨聪,唐柔,116
杨聪,张望,8
杨聪,黄少天,44
杨聪,韩文清,44
杨聪,许斌,372
杨聪,潘林挺,44
杨聪,刘皓,88
杨聪,叶哥,20
杨聪,陈夜辉,8
杨聪,静静,4
杨聪,王泽,16
杨聪,方锋然,16
杨聪,小唐,4
杨聪,小丑,4
杨聪,许兄,4
杨聪,明赞,4
杨聪,苗子,4
杨聪,张罗,8
杨聪,大忠粉,4
杨聪,楚云秀,8
杨聪,小姐,4
杨聪,修文,40
杨聪,陈国,80
杨聪,完刚,40
杨聪,潘林烁,80
贺铭,叶修,900
贺铭,陈果,1044
贺铭,玄幻,36
贺铭,潘林,216
贺铭,苏沐橙,108
贺铭,杨聪,72
贺铭,李老,36
贺铭,李艺博,108
贺铭,孙翔,144
贺铭,陈慕,108
贺铭,张无忌,36
贺铭,安逸,36
贺铭,唐柔,144
贺铭,张望,36
李老,叶修,100
李老,陈果,116
李老,玄幻,4
李老,潘林,24
李老,苏沐橙,12
李老,杨聪,8
李老,贺铭,36
李老,李艺博,12
李老,孙翔,16
李老,陈慕,12
李老,张无忌,4
李老,安逸,4
李老,唐柔,16
李老,张望,4
李艺博,叶修,2148
李艺博,陈果,1824
李艺博,玄幻,12
李艺博,潘林,2408
李艺博,苏沐橙,1112
李艺博,杨聪,1192
李艺博,贺铭,108
李艺博,李老,12
李艺博,孙翔,2540
李艺博,陈慕,36
李艺博,张无忌,12
李艺博,安逸,12
李艺博,唐柔,72
李艺博,张望,12
李艺博,黄少天,52
李艺博,韩文清,52
李艺博,许斌,624
李艺博,潘林挺,52
李艺博,方杰,36
李艺博,双循环,12
李艺博,白光剑,12
李艺博,白光,12
李艺博,范围广,32
李艺博,齐声,32
李艺博,小丑,52
李艺博,许兄,52
李艺博,明赞,52
李艺博,苗子,52
李艺博,张罗,48
李艺博,大忠粉,24
李艺博,楚云秀,48
李艺博,小姐,24
李艺博,修文,52
李艺博,陈国,104
李艺博,完刚,52
李艺博,潘林烁,104
陈慕,叶修,452
陈慕,陈果,428
陈慕,玄幻,12
陈慕,潘林,72
陈慕,苏沐橙,48
陈慕,杨聪,24
陈慕,贺铭,108
陈慕,李老,12
陈慕,李艺博,36
陈慕,孙翔,48
陈慕,张无忌,12
陈慕,安逸,12
陈慕,唐柔,60
陈慕,张望,12
陈慕,刘皓,64
陈慕,陈夜辉,12
陈慕,满屏,4
陈慕,卜白,4
张无忌,叶修,100
张无忌,陈果,116
张无忌,玄幻,4
张无忌,潘林,24
张无忌,苏沐橙,12
张无忌,杨聪,8
张无忌,贺铭,36
张无忌,李老,4
张无忌,李艺博,12
张无忌,孙翔,16
张无忌,陈慕,12
张无忌,安逸,4
张无忌,唐柔,16
张无忌,张望,4
安逸,叶修,100
安逸,陈果,116
安逸,玄幻,4
安逸,潘林,24
安逸,苏沐橙,12
安逸,杨聪,8
安逸,贺铭,36
安逸,李老,4
安逸,李艺博,12
安逸,孙翔,16
安逸,陈慕,12
安逸,张无忌,4
安逸,唐柔,16
安逸,张望,4
张望,叶修,224
张望,陈果,128
张望,玄幻,4
张望,潘林,24
张望,苏沐橙,12
张望,杨聪,8
张望,贺铭,36
张望,李老,4
张望,李艺博,12
张望,孙翔,16
张望,陈慕,12
张望,张无忌,4
张望,安逸,4
张望,唐柔,84
张望,连帽衫,4
张望,映亮,4
张望,黄少天,24
张望,西晃,4
张望,刘皓,28
张望,叶大神,4
齐聚,张罗,4
齐聚,张罗来,4
齐聚,叶修,224
齐聚,唐柔,44
齐聚,寒潭,4
齐聚,刘皓,52
齐聚,高超,4
齐聚,小白,4
齐聚,杜绝,4
齐聚,黄少天,64
齐聚,喻文州,28
齐聚,雷鸣,4
张罗,齐聚,4
张罗,张罗来,4
张罗,叶修,424
张罗,唐柔,56
张罗,寒潭,4
张罗,苏沐橙,124
张罗,红白,4
张罗,白狼,4
张罗,乔一帆,16
张罗,宁静,12
张罗,雅图,4
张罗,布甲,4
张罗,谢后,4
张罗,太贵,4
张罗,陈果,112
张罗,孙翔,16
张罗,杨聪,8
张罗,大忠粉,8
张罗,李艺博,48
张罗,楚云秀,16
张罗,小姐,8
张罗来,齐聚,4
张罗来,张罗,4
张罗来,叶修,76
张罗来,唐柔,8
张罗来,寒潭,4
寒潭,齐聚,4
寒潭,张罗,4
寒潭,张罗来,4
寒潭,叶修,148
寒潭,唐柔,28
寒潭,黄金档,4
寒潭,殷子,4
寒潭,刘皓,92
寒潭,满屏,4
寒潭,陈夜辉,20
寒潭,丁蓝,4
寒潭,韩文清,8
寒潭,梁子,4
寒潭,王座,4
寒潭,苏沐橙,12
寒潭,乔一帆,12
寒潭,宝贵,4
寒潭,灵光,4
寒潭,关怀,8
格槽边,叶修,84
格槽边,蓝绿,4
格槽边,雷鸣,12
格槽边,紫铜,4
蓝绿,叶修,356
蓝绿,格槽边,4
蓝绿,雷鸣,12
蓝绿,紫铜,4
蓝绿,青铜剑,4
蓝绿,布满,4
蓝绿,陈果,116
蓝绿,史诗,8
蓝绿,之森,8
蓝绿,来格森,4
蓝绿,蓝武,8
蓝绿,乔一帆,16
蓝绿,肖云,20
蓝绿,王杰希,72
蓝绿,高英杰,4
蓝绿,周烨柏,4
蓝绿,邓复升,16
蓝绿,卡后,4
蓝绿,莫昊,4
蓝绿,杰希,4
蓝绿,梁方,60
蓝绿,刘皓,4
紫铜,叶修,124
紫铜,格槽边,4
紫铜,蓝绿,4
紫铜,雷鸣,12
紫铜,宝贝,4
紫铜,云归,4
紫铜,齐声,4
冷汗,叶修,48
冷汗,宁可死,4
冷汗,地爽,4
冷汗,栗木,4
宁可死,冷汗,4
宁可死,叶修,48
宁可死,地爽,4
宁可死,栗木,4
地爽,冷汗,4
地爽,叶修,48
地爽,宁可死,4
地爽,栗木,4
栗木,冷汗,4
栗木,叶修,144
栗木,宁可死,4
栗木,地爽,4
栗木,陈果,208
栗木,通知书,8
高英击,唐柔,100
高英击,叶修,48
高英击,王杰希,88
高英击,陈果,8
高英击,高英杰,12
高英击,柳非,4
高英击,乔一帆,56
钟声,叶修,308
钟声,唐柔,88
钟声,陈果,8
钟声,苏沐橙,84
钟声,黄少天,92
钟声,刘皓,12
钟声,塞进,4
钟声,木剑,4
钟声,招之,4
钟声,高招,4
钟声,祖师爷,4
钟声,周泽楷,4
小白,叶修,984
小白,唐柔,64
小白,苏沐橙,4
小白,刘皓,52
小白,高超,4
小白,杜绝,4
小白,齐聚,4
小白,那哥,8
小白,陈果,80
小白,太马虎,8
小白,巴结,4
小白,连沉玉,12
小白,小姑娘,12
小白,玉叶,12
小白,比沉玉,12
小白,苏醒,8
小白,莫笑,24
小白,别信,12
小白,许诺,12
小楚,陈果,164
小楚,叶修,128
小楚,小姐,4
小楚,公德心,4
小楚,苏沐橙,12
小姐,陈果,384
小姐,叶修,704
小姐,小楚,4
小姐,公德心,4
小姐,苏沐橙,84
小姐,唐柔,304
小姐,康师傅,4
小姐,孙翔,20
小姐,陈夜辉,4
小姐,王泽,4
小姐,方锋然,4
小姐,刘皓,20
小姐,王杰希,92
小姐,杰希,4
小姐,希杰,4
小姐,柳非,20
小姐,乔一帆,4
小姐,空旷,4
小姐,叶哥,4
小姐,巴掌,4
小姐,托亚,20
小姐,连超,4
小姐,道谢,4
小姐,皮甲,4
小姐,和托亚,4
小姐,西红柿,4
小姐,张罗,8
小姐,杨聪,4
小姐,大忠粉,4
小姐,李艺博,24
小姐,楚云秀,8
公德心,陈果,164
公德心,叶修,128
公德心,小楚,4
公德心,小姐,4
公德心,苏沐橙,12
武强,黄少天,304
武强,叶修,128
武强,叶井,8
武强,皮甲,16
武强,莫笑,4
武强,黄少友,4
武强,林子里,4
武强,龚之剑,4
武强,子飞,4
叶井,黄少天,92
叶井,武强,8
叶井,叶修,244
叶井,皮甲,8
叶井,苏沐橙,32
叶井,乔一帆,24
叶井,唐柔,28
叶井,李轩,4
叶井,白沙,12
叶井,红塔山,4
叶井,黄鹤楼,4
叶井,左冲右,4
叶哥,叶修,1292
叶哥,陈果,328
叶哥,饶绕岸,4
叶哥,苏沐橙,324
叶哥,唐柔,544
叶哥,小唐,24
叶哥,乐章,12
叶哥,孙翔,248
叶哥,张口,12
叶哥,由翔哥,12
叶哥,王朝,12
叶哥,哈哈笑,12
叶哥,古老,12
叶哥,金山,12
叶哥,宝贵,12
叶哥,刘皓,440
叶哥,陈夜辉,40
叶哥,静静,20
叶哥,王泽,80
叶哥,方锋然,80
叶哥,杨聪,20
叶哥,许斌,20
叶哥,那哥,4
叶哥,小姐,4
叶哥,巴掌,4
别蒙,叶修,32
马虎,叶修,164
马虎,唐柔,120
马虎,练花掌,4
马虎,钭步,4
马虎,宝贵,4
马虎,苏沐橙,4
练花掌,叶修,164
练花掌,唐柔,120
练花掌,马虎,4
练花掌,钭步,4
练花掌,宝贵,4
练花掌,苏沐橙,4
钭步,叶修,164
钭步,唐柔,120
钭步,马虎,4
钭步,练花掌,4
钭步,宝贵,4
钭步,苏沐橙,4
宝贵,叶修,300
宝贵,唐柔,216
宝贵,马虎,4
宝贵,练花掌,4
宝贵,钭步,4
宝贵,苏沐橙,132
宝贵,刘皓,8
宝贵,明堂,4
宝贵,玄奥,4
宝贵,宁死,4
宝贵,武光剑,4
宝贵,扬后,4
宝贵,小老鼠,4
宝贵,乐章,4
宝贵,孙翔,76
宝贵,张口,4
宝贵,叶哥,12
宝贵,由翔哥,4
宝贵,王朝,4
宝贵,哈哈笑,4
宝贵,古老,4
宝贵,金山,4
宝贵,韩文清,8
宝贵,寒潭,4
宝贵,梁子,4
宝贵,王座,4
宝贵,乔一帆,12
宝贵,灵光,4
宝贵,关怀,8
通知书,叶修,48
通知书,栗木,8
通知书,陈果,104
韩文清,杨聪,44
韩文清,潘林,64
韩文清,孙翔,84
韩文清,李艺博,52
韩文清,黄少天,568
韩文清,许斌,32
韩文清,苏沐橙,444
韩文清,潘林挺,4
韩文清,陈果,20
韩文清,叶修,764
韩文清,乔一帆,552
韩文清,张新杰,140
韩文清,别往岩,12
韩文清,和岩,12
韩文清,子一闪,12
韩文清,九奈,12
韩文清,刘皓,120
韩文清,陈夜辉,84
韩文清,苗子,4
韩文清,夜辉,4
韩文清,寒潭,8
韩文清,梁子,8
韩文清,王座,8
韩文清,唐柔,92
韩文清,宝贵,8
韩文清,灵光,8
韩文清,关怀,16
韩文清,苏沐桧,16
韩文清,周泽楷,8
韩文清,长得帅,4
韩文清,杨姐,4
韩文清,宋词,8
韩文清,王杰希,20
韩文清,张口,20
韩文清,紫太刀,20
韩文清,梅西,4
韩文清,易老朝,4
韩文清,喻文州,48
韩文清,张卡,4
韩文清,黄少队,4
许斌,杨聪,372
许斌,潘林,704
许斌,孙翔,868
许斌,李艺博,624
许斌,黄少天,32
许斌,韩文清,32
许斌,苏沐橙,236
许斌,潘林挺,32
许斌,陈果,312
许斌,叶修,568
许斌,刘皓,88
许斌,叶哥,20
许斌,唐柔,80
许斌,陈夜辉,8
许斌,静静,4
许斌,王泽,16
许斌,方锋然,16
许斌,小唐,4
许斌,小丑,16
许斌,许兄,16
许斌,明赞,16
许斌,苗子,16
潘林挺,杨聪,44
潘林挺,潘林,64
潘林挺,孙翔,72
潘林挺,李艺博,52
潘林挺,黄少天,4
潘林挺,韩文清,4
潘林挺,许斌,32
潘林挺,苏沐橙,28
潘林挺,陈果,16
潘林挺,叶修,28
寻常路,叶修,4
寻常路,陈夜辉,48
寻常路,刘皓,56
陈夜辉,叶修,5948
陈夜辉,寻常路,48
陈夜辉,刘皓,5256
陈夜辉,唐柔,2336
陈夜辉,苏沐橙,1112
陈夜辉,荣幸,4
陈夜辉,卡后,4
陈夜辉,叶大神,24
陈夜辉,蓝加,4
陈夜辉,解夜辉,56
陈夜辉,林子里,60
陈夜辉,向岩,16
陈夜辉,闻声,16
陈夜辉,但岩,32
陈夜辉,从岩,32
陈夜辉,和岩,32
陈夜辉,陈玉辉,40
陈夜辉,小三角,40
陈夜辉,蓝集阁,84
陈夜辉,乔一帆,1212
陈夜辉,扬剑,84
陈夜辉,王泽,64
陈夜辉,方锋然,64
陈夜辉,张家兴,24
陈夜辉,申建,40
陈夜辉,陈果,296
陈夜辉,孙翔,244
陈夜辉,黄少天,640
陈夜辉,满屏,32
陈夜辉,陈慕,12
陈夜辉,卜白,12
陈夜辉,康师傅,4
陈夜辉,小姐,4
陈夜辉,韦斯,24
陈夜辉,皮甲,20
陈夜辉,冉卡,20
陈夜辉,蓝膑,20
陈夜辉,唐桑,20
陈夜辉,苗子,80
陈夜辉,韩文清,84
陈夜辉,夜辉,80
陈夜辉,林子,4
陈夜辉,越往后,4
陈夜辉,黄金档,20
陈夜辉,殷子,20
陈夜辉,寒潭,20
陈夜辉,丁蓝,20
陈夜辉,高中生,12
陈夜辉,边笑边,12
陈夜辉,白羊座,12
陈夜辉,齐声,12
陈夜辉,叶哥,40
陈夜辉,静静,8
陈夜辉,杨聪,8
陈夜辉,许斌,8
陈夜辉,小唐,8
陈夜辉,海扁,64
陈夜辉,双放,64
陈夜辉,陈夜,64
陈夜辉,小山坡,20
陈夜辉,东澈,20
陈夜辉,那可真,16
陈夜辉,易容术,16
陈夜辉,都宁,16
陈夜辉,王杰希,16
陈夜辉,王道,16
陈夜辉,梅西,4
陈夜辉,易老朝,4
陈夜辉,喻文州,48
陈夜辉,张卡,4
陈夜辉,黄少队,4
陈夜辉,白沙,8
陈夜辉,戴起,8
陈夜辉,祝贺,8
刘皓,叶修,22296
刘皓,寻常路,56
刘皓,陈夜辉,5256
刘皓,唐柔,6376
刘皓,苏沐橙,2688
刘皓,荣幸,8
刘皓,卡后,12
刘皓,叶大神,104
刘皓,蓝加,8
刘皓,解夜辉,28
刘皓,林子里,28
刘皓,钟声,12
刘皓,黄少天,3960
刘皓,塞进,12
刘皓,木剑,12
刘皓,招之,12
刘皓,高招,12
刘皓,祖师爷,12
刘皓,周泽楷,12
刘皓,陈玉辉,8
刘皓,小三角,8
刘皓,文明,44
刘皓,阴冷,44
刘皓,刘浩,176
刘皓,拉进来,44
刘皓,蓝集阁,4
刘皓,乔一帆,100
刘皓,扬剑,4
刘皓,王泽,580
刘皓,方锋然,580
刘皓,张家兴,300
刘皓,申建,500
刘皓,陈果,2232
刘皓,孙翔,1056
刘皓,了影分,28
刘皓,卡怪,84
刘皓,安全性,28
刘皓,卡成,56
刘皓,满屏,156
刘皓,陈慕,64
刘皓,卜白,64
刘皓,康师傅,20
刘皓,小姐,20
刘皓,高英杰,92
刘皓,王杰希,204
刘皓,小杰,8
刘皓,后君,8
刘皓,之杰希,8
刘皓,高超,52
刘皓,小白,52
刘皓,杜绝,52
刘皓,齐聚,52
刘皓,皮甲,52
刘皓,冉卡,52
刘皓,蓝膑,52
刘皓,唐桑,52
刘皓,宛若,88
刘皓,白归白,88
刘皓,花心思,88
刘皓,明堂,8
刘皓,玄奥,8
刘皓,宁死,8
刘皓,宝贵,8
刘皓,武光剑,8
刘皓,扬后,8
刘皓,小老鼠,8
刘皓,苗子,120
刘皓,韩文清,120
刘皓,夜辉,120
刘皓,张望,28
刘皓,连帽衫,28
刘皓,映亮,28
刘皓,西晃,28
刘皓,黄金档,92
刘皓,殷子,92
刘皓,寒潭,92
刘皓,丁蓝,92
刘皓,高中生,8
刘皓,边笑边,8
刘皓,白羊座,8
刘皓,齐声,8
刘皓,叶哥,440
刘皓,静静,88
刘皓,杨聪,88
刘皓,许斌,88
刘皓,小唐,88
刘皓,比橙武,96
刘皓,木有木,96
刘皓,阴笑,164
刘皓,那可真,68
刘皓,易容术,68
刘皓,都宁,68
刘皓,王道,68
刘皓,双紫蛋,108
刘皓,苏沐澄,72
刘皓,太马虎,36
刘皓,白沙,8
刘皓,戴起,8
刘皓,祝贺,8
刘皓,晓之,8
刘皓,喻文州,576
刘皓,连贯性,32
刘皓,俞文洲,32
刘皓,喻文洲,160
刘皓,肖云,20
刘皓,周烨柏,4
刘皓,邓复升,16
刘皓,莫昊,4
刘皓,杰希,4
刘皓,梁方,60
刘皓,蓝绿,4
刘皓,连橙,4
大了些,叶修,284
大了些,陈果,160
大了些,唐柔,148
大了些,美玉,4
大了些,小唐,4
大了些,修正,8
大了些,沙蚕,4
大了些,陈国,4
美玉,叶修,140
美玉,陈果,124
美玉,唐柔,52
美玉,大了些,4
美玉,小唐,4
美玉,修正,8
小唐,叶修,1368
小唐,陈果,1224
小唐,唐柔,1136
小唐,大了些,4
小唐,美玉,4
小唐,修正,8
小唐,饶绕岸,4
小唐,苏沐橙,52
小唐,叶哥,24
小唐,唐果,8
小唐,闻声,4
小唐,卡得,4
小唐,那也好,4
小唐,大将军,4
小唐,乔一帆,4
小唐,查户口,4
小唐,云云,4
小唐,黄少天,40
小唐,喻文州,36
小唐,又被我,4
小唐,蔚蓝,8
小唐,白吃,8
小唐,刘皓,88
小唐,陈夜辉,8
小唐,静静,4
小唐,王泽,16
小唐,方锋然,16
小唐,孙翔,4
小唐,杨聪,4
小唐,许斌,4
修正,叶修,280
修正,陈果,248
修正,唐柔,104
修正,大了些,8
修正,美玉,8
修正,小唐,8
齐齐发,叶修,36
齐齐发,苏沐橙,4
齐齐发,乔一帆,4
杰希,王杰希,448
杰希,叶修,200
杰希,唐柔,140
杰希,上一飞,4
杰希,陈果,24
杰希,平飞,4
杰希,天上飞,4
杰希,乔一帆,52
杰希,高英杰,100
杰希,肖云,124
杰希,周烨柏,36
杰希,柳非,68
杰希,顾问团,8
杰希,张益玮,24
杰希,李博,24
杰希,明青,8
杰希,小杰,8
杰希,小九九,8
杰希,王希杰,8
杰希,邓复升,24
杰希,乔一凡,24
杰希,黄少天,48
杰希,苏沐橙,8
杰希,远高于,4
杰希,花大,4
杰希,希杰,4
杰希,空旷,4
杰希,小姐,4
杰希,卡后,4
杰希,莫昊,4
杰希,梁方,60
杰希,蓝绿,4
杰希,刘皓,4
上一飞,杰希,4
上一飞,王杰希,60
上一飞,叶修,16
上一飞,唐柔,44
上一飞,陈果,8
上一飞,平飞,4
上一飞,天上飞,4
平飞,杰希,4
平飞,王杰希,60
平飞,叶修,16
平飞,唐柔,44
平飞,上一飞,4
平飞,陈果,8
平飞,天上飞,4
天上飞,杰希,4
天上飞,王杰希,60
天上飞,叶修,16
天上飞,唐柔,44
天上飞,上一飞,4
天上飞,陈果,8
天上飞,平飞,4
里少,叶修,92
易春老,仲伯,4
易春老,老蓝,4
易春老,托亚,8
易春老,望天,4
仲伯,易春老,4
仲伯,老蓝,4
仲伯,托亚,8
仲伯,望天,4
老蓝,易春老,4
老蓝,仲伯,4
老蓝,托亚,8
老蓝,望天,4
老蓝,花加,4
老蓝,车前草,4
老蓝,叶修,128
老蓝,唐柔,16
老蓝,苏沐橙,32
老蓝,连贯,4
望天,易春老,4
望天,仲伯,4
望天,老蓝,4
望天,托亚,8
荣幸,叶修,112
荣幸,唐柔,12
荣幸,苏沐橙,12
荣幸,陈夜辉,4
荣幸,刘皓,8
荣幸,卡后,4
荣幸,叶大神,4
荣幸,蓝加,4
荣幸,陈果,40
荣幸,杜绝,4
卡后,叶修,104
卡后,唐柔,12
卡后,苏沐橙,12
卡后,荣幸,4
卡后,陈夜辉,4
卡后,刘皓,12
卡后,叶大神,4
卡后,蓝加,4
卡后,乔一帆,16
卡后,肖云,20
卡后,王杰希,72
卡后,高英杰,4
卡后,周烨柏,4
卡后,邓复升,16
卡后,莫昊,4
卡后,杰希,4
卡后,梁方,60
卡后,蓝绿,4
卡后,陈果,16
叶大神,叶修,640
叶大神,唐柔,228
叶大神,苏沐橙,132
叶大神,荣幸,4
叶大神,陈夜辉,24
叶大神,刘皓,104
叶大神,卡后,4
叶大神,蓝加,4
叶大神,皮甲,4
叶大神,冉卡,4
叶大神,蓝膑,4
叶大神,唐桑,4
叶大神,陈果,140
叶大神,张望,4
叶大神,连帽衫,4
叶大神,映亮,4
叶大神,黄少天,24
叶大神,西晃,4
叶大神,梁方,76
叶大神,成正比,4
叶大神,梁芳,4
叶大神,王杰希,16
叶大神,刘小别,60
叶大神,连冠,4
叶大神,晓之,8
蓝加,叶修,36
蓝加,唐柔,12
蓝加,苏沐橙,12
蓝加,荣幸,4
蓝加,陈夜辉,4
蓝加,刘皓,8
蓝加,卡后,4
蓝加,叶大神,4
大家庭,叶修,8
方杰,苏沐橙,96
方杰,双循环,12
方杰,白光剑,12
方杰,白光,12
方杰,叶修,60
方杰,陈果,24
方杰,李艺博,36
双循环,苏沐橙,32
双循环,方杰,12
双循环,白光剑,4
双循环,白光,4
双循环,叶修,20
双循环,陈果,8
双循环,李艺博,12
白光剑,苏沐橙,32
白光剑,方杰,12
白光剑,双循环,4
白光剑,白光,4
白光剑,叶修,20
白光剑,陈果,8
白光剑,李艺博,12
白光,苏沐橙,32
白光,方杰,12
白光,双循环,4
白光,白光剑,4
白光,叶修,20
白光,陈果,8
白光,李艺博,12
解夜辉,陈夜辉,56
解夜辉,叶修,36
解夜辉,刘皓,28
解夜辉,林子里,4
解夜辉,唐柔,48
解夜辉,苏沐橙,4
塞进,钟声,4
塞进,刘皓,12
塞进,叶修,192
塞进,黄少天,88
塞进,苏沐橙,28
塞进,唐柔,148
塞进,木剑,4
塞进,招之,4
塞进,高招,4
塞进,祖师爷,4
塞进,周泽楷,4
塞进,陈果,136
塞进,齐声,4
塞进,迟早会,4
塞进,胡玩,4
塞进,钟爱,4
木剑,钟声,4
木剑,刘皓,12
木剑,叶修,132
木剑,黄少天,172
木剑,苏沐橙,28
木剑,唐柔,32
木剑,塞进,4
木剑,招之,4
木剑,高招,4
木剑,祖师爷,4
木剑,周泽楷,4
木剑,宁静,4
木剑,加粗,8
木剑,小剑,4
招之,钟声,4
招之,刘皓,12
招之,叶修,132
招之,黄少天,88
招之,苏沐橙,28
招之,唐柔,32
招之,塞进,4
招之,木剑,4
招之,高招,4
招之,祖师爷,4
招之,周泽楷,4
高招,钟声,4
高招,刘皓,12
高招,叶修,132
高招,黄少天,88
高招,苏沐橙,28
高招,唐柔,32
高招,塞进,4
高招,木剑,4
高招,招之,4
高招,祖师爷,4
高招,周泽楷,4
祖师爷,钟声,4
祖师爷,刘皓,12
祖师爷,叶修,132
祖师爷,黄少天,88
祖师爷,苏沐橙,28
祖师爷,唐柔,32
祖师爷,塞进,4
祖师爷,木剑,4
祖师爷,招之,4
祖师爷,高招,4
祖师爷,周泽楷,4
周泽楷,钟声,4
周泽楷,刘皓,12
周泽楷,叶修,620
周泽楷,黄少天,168
周泽楷,苏沐橙,372
周泽楷,唐柔,96
周泽楷,塞进,4
周泽楷,木剑,4
周泽楷,招之,4
周泽楷,高招,4
周泽楷,祖师爷,4
周泽楷,唐昊,20
周泽楷,林敬言,16
周泽楷,孙翔,20
周泽楷,乔一帆,20
周泽楷,高英杰,4
周泽楷,利剑,4
周泽楷,麦子,4
周泽楷,胡闹,4
周泽楷,苏沐桧,32
周泽楷,陈果,8
周泽楷,韩文清,8
周泽楷,长得帅,8
周泽楷,杨姐,8
周泽楷,宋词,16
周泽楷,有俱,4
周泽楷,了什,4
周泽楷,白送,4
周泽楷,张口,4
周泽楷,白狼,4
双薪,唐柔,12
双薪,叶修,16
双薪,陈果,16
双薪,杜绝,4
双薪,托亚,20
杜绝,唐柔,48
杜绝,叶修,240
杜绝,陈果,56
杜绝,双薪,4
杜绝,托亚,20
杜绝,刘皓,52
杜绝,高超,4
杜绝,小白,4
杜绝,齐聚,4
杜绝,荣幸,4
杜绝,卡才,4
饶绕岸,苏沐橙,36
饶绕岸,叶修,88
饶绕岸,叶哥,4
饶绕岸,陈果,112
饶绕岸,唐柔,76
饶绕岸,小唐,4
向岩,陈夜辉,16
向岩,叶修,56
向岩,唐柔,28
向岩,闻声,4
向岩,但岩,8
向岩,从岩,8
向岩,和岩,8
闻声,陈夜辉,16
闻声,叶修,304
闻声,唐柔,168
闻声,向岩,4
闻声,但岩,8
闻声,从岩,8
闻声,和岩,8
闻声,陈果,128
闻声,小唐,4
闻声,立剑,4
闻声,大老远,4
闻声,托亚,16
闻声,乔一帆,48
闻声,太高阶,4
闻声,和云,4
但岩,陈夜辉,32
但岩,叶修,112
但岩,唐柔,56
但岩,向岩,8
但岩,闻声,8
但岩,从岩,16
但岩,和岩,16
从岩,陈夜辉,32
从岩,叶修,112
从岩,唐柔,56
从岩,向岩,8
从岩,闻声,8
从岩,但岩,16
从岩,和岩,16
和岩,陈夜辉,32
和岩,叶修,112
和岩,唐柔,56
和岩,向岩,8
和岩,闻声,8
和岩,但岩,16
和岩,从岩,16
和岩,别往岩,4
和岩,子一闪,4
和岩,九奈,4
和岩,韩文清,12
寻思,周烨柏,72
寻思,乌龟,4
寻思,唐柔,12
寻思,但宵云,4
寻思,叶修,32
寻思,布甲,4
寻思,连珠,4
寻思,高英杰,28
寻思,柳非,16
寻思,小鱼儿,4
寻思,乔一帆,20
寻思,肖云,8
乌龟,周烨柏,72
乌龟,寻思,4
乌龟,唐柔,12
乌龟,但宵云,4
乌龟,叶修,32
乌龟,布甲,4
乌龟,连珠,4
乌龟,高英杰,28
乌龟,柳非,16
乌龟,小鱼儿,4
乌龟,乔一帆,20
乌龟,肖云,8
但宵云,周烨柏,72
但宵云,寻思,4
但宵云,乌龟,4
但宵云,唐柔,12
但宵云,叶修,32
但宵云,布甲,4
但宵云,连珠,4
但宵云,高英杰,28
但宵云,柳非,16
但宵云,小鱼儿,4
但宵云,乔一帆,20
但宵云,肖云,8
连珠,周烨柏,72
连珠,寻思,4
连珠,乌龟,4
连珠,唐柔,12
连珠,但宵云,4
连珠,叶修,32
连珠,布甲,4
连珠,高英杰,28
连珠,柳非,16
连珠,小鱼儿,4
连珠,乔一帆,20
连珠,肖云,8
小鱼儿,周烨柏,72
小鱼儿,寻思,4
小鱼儿,乌龟,4
小鱼儿,唐柔,12
小鱼儿,但宵云,4
小鱼儿,叶修,32
小鱼儿,布甲,4
小鱼儿,连珠,4
小鱼儿,高英杰,28
小鱼儿,柳非,16
小鱼儿,乔一帆,20
小鱼儿,肖云,8
利剑,陈果,116
利剑,唐柔,140
利剑,叶修,168
利剑,张开,4
利剑,叶锋,4
利剑,但盾,4
利剑,苏沐橙,28
利剑,麦子,4
利剑,周泽楷,4
利剑,胡闹,4
张开,陈果,116
张开,唐柔,80
张开,叶修,104
张开,利剑,4
张开,严歌,8
张开,林天仪,120
张开,苏唐,112
张开,许唯风,64
张开,刚一柔,8
张开,北斗,8
张开,黄少天,20
张开,容知林,4
张开,荆艮强,4
张开,苏沐橙,4
张开,乔一帆,4
张开,林子里,4
张开,子炫纹,4
陈玉辉,叶修,72
陈玉辉,陈夜辉,40
陈玉辉,刘皓,8
陈玉辉,小三角,4
小三角,叶修,72
小三角,陈夜辉,40
小三角,刘皓,8
小三角,陈玉辉,4
连贯,王杰希,36
连贯,叶修,164
连贯,陈果,56
连贯,太清,4
连贯,王希杰,56
连贯,邓复升,4
连贯,梁方,8
连贯,刘小别,8
连贯,李济,4
连贯,柳非,4
连贯,老蓝,4
连贯,唐柔,16
连贯,苏沐橙,32
太清,王杰希,124
太清,连贯,4
太清,叶修,140
太清,陈果,56
太清,王希杰,56
太清,邓复升,8
太清,梁方,8
太清,刘小别,8
太清,李济,4
太清,柳非,4
太清,王大眼,4
太清,唐柔,20
太清,高英杰,8
太清,黄少天,20
太清,王朝,4
太清,连冠,4
太清,大比拼,4
王希杰,王杰希,604
王希杰,连贯,56
王希杰,叶修,1280
王希杰,陈果,784
王希杰,太清,56
王希杰,邓复升,60
王希杰,梁方,112
王希杰,刘小别,112
王希杰,李济,56
王希杰,柳非,80
王希杰,乔一帆,64
王希杰,高英杰,48
王希杰,肖云,52
王希杰,周烨柏,16
王希杰,顾问团,4
王希杰,张益玮,12
王希杰,李博,12
王希杰,明青,4
王希杰,小杰,4
王希杰,小九九,4
王希杰,杰希,8
王希杰,乔一凡,60
王希杰,唐柔,272
王希杰,阿红,16
王希杰,苏沐橙,64
王希杰,孙翔,16
王希杰,迟早会,16
邓复升,王杰希,1064
邓复升,连贯,4
邓复升,叶修,508
邓复升,陈果,120
邓复升,太清,8
邓复升,王希杰,60
邓复升,梁方,296
邓复升,刘小别,56
邓复升,李济,136
邓复升,柳非,112
邓复升,高英杰,120
邓复升,乔一帆,128
邓复升,远高于,12
邓复升,小杰,16
邓复升,李亦辉,24
邓复升,周烨柏,56
邓复升,肖云,156
邓复升,齐飞,12
邓复升,顾问团,4
邓复升,张益玮,12
邓复升,李博,12
邓复升,明青,4
邓复升,小九九,4
邓复升,杰希,24
邓复升,乔一凡,12
邓复升,卡后,16
邓复升,莫昊,16
邓复升,蓝绿,16
邓复升,刘皓,16
邓复升,王大眼,4
邓复升,唐柔,20
邓复升,黄少天,20
邓复升,王朝,4
邓复升,连冠,4
邓复升,大比拼,4
梁方,王杰希,3168
梁方,连贯,8
梁方,叶修,3020
梁方,陈果,504
梁方,太清,8
梁方,王希杰,112
梁方,邓复升,296
梁方,刘小别,1884
梁方,李济,52
梁方,柳非,36
梁方,高英杰,84
梁方,乔一帆,264
梁方,远高于,4
梁方,小杰,4
梁方,李亦辉,8
梁方,周烨柏,72
梁方,肖云,444
梁方,齐飞,4
梁方,王朝后,72
梁方,玄虚,72
梁方,白送,72
梁方,闻明,72
梁方,唐柔,372
梁方,王大眼,216
梁方,成正比,76
梁方,梁芳,76
梁方,连冠,76
梁方,叶大神,76
梁方,卡后,60
梁方,莫昊,60
梁方,杰希,60
梁方,蓝绿,60
梁方,刘皓,60
梁方,白儿,4
刘小别,王杰希,2060
刘小别,连贯,8
刘小别,叶修,2784
刘小别,陈果,232
刘小别,太清,8
刘小别,王希杰,112
刘小别,邓复升,56
刘小别,梁方,1884
刘小别,李济,52
刘小别,柳非,36
刘小别,高英杰,24
刘小别,乔一帆,24
刘小别,远高于,4
刘小别,小杰,4
刘小别,李亦辉,8
刘小别,周烨柏,48
刘小别,肖云,684
刘小别,齐飞,4
刘小别,王朝后,36
刘小别,玄虚,36
刘小别,白送,36
刘小别,闻明,36
刘小别,唐柔,984
刘小别,王大眼,108
刘小别,成正比,60
刘小别,梁芳,60
刘小别,连冠,60
刘小别,叶大神,60
刘小别,白儿,40
李济,王杰希,784
李济,连贯,4
李济,叶修,204
李济,陈果,56
李济,太清,4
李济,王希杰,56
李济,邓复升,136
李济,梁方,52
李济,刘小别,52
李济,柳非,312
李济,远高于,44
李济,小杰,44
李济,高英杰,132
李济,李亦辉,88
李济,周烨柏,88
李济,肖云,88
李济,乔一帆,132
李济,齐飞,44
蓝武,苏沐橙,12
蓝武,叶修,164
蓝武,唐柔,44
蓝武,蓝紫,4
蓝武,陈果,44
蓝武,蓝绿,8
蓝紫,苏沐橙,12
蓝紫,叶修,84
蓝紫,唐柔,44
蓝紫,蓝武,4
楚云秀,叶修,348
楚云秀,苏沐橙,156
楚云秀,陈果,120
楚云秀,小圈子,4
楚云秀,比一比,4
楚云秀,唐柔,56
楚云秀,真够傻,4
楚云秀,云秀,4
楚云秀,张罗,16
楚云秀,孙翔,16
楚云秀,杨聪,8
楚云秀,大忠粉,8
楚云秀,李艺博,48
楚云秀,小姐,8
小圈子,叶修,180
小圈子,苏沐橙,108
小圈子,楚云秀,4
小圈子,陈果,8
小圈子,比一比,4
小圈子,唐柔,48
小圈子,真够傻,4
小圈子,云秀,4
比一比,叶修,180
比一比,苏沐橙,108
比一比,楚云秀,4
比一比,陈果,8
比一比,小圈子,4
比一比,唐柔,48
比一比,真够傻,4
比一比,云秀,4
真够傻,叶修,180
真够傻,苏沐橙,108
真够傻,楚云秀,4
真够傻,陈果,8
真够傻,小圈子,4
真够傻,比一比,4
真够傻,唐柔,48
真够傻,云秀,4
云秀,叶修,180
云秀,苏沐橙,108
云秀,楚云秀,4
云秀,陈果,8
云秀,小圈子,4
云秀,比一比,4
云秀,唐柔,48
云秀,真够傻,4
文明,黄少天,100
文明,阴冷,4
文明,苏沐橙,44
文明,刘皓,44
文明,叶修,72
文明,唐柔,8
文明,刘浩,8
文明,拉进来,4
阴冷,黄少天,100
阴冷,文明,4
阴冷,苏沐橙,44
阴冷,刘皓,44
阴冷,叶修,72
阴冷,唐柔,8
阴冷,刘浩,8
阴冷,拉进来,4
刘浩,黄少天,200
刘浩,文明,8
刘浩,阴冷,8
刘浩,苏沐橙,108
刘浩,刘皓,176
刘浩,叶修,188
刘浩,唐柔,16
刘浩,拉进来,8
刘浩,宛若,4
刘浩,白归白,4
刘浩,花心思,4
拉进来,黄少天,100
拉进来,文明,4
拉进来,阴冷,4
拉进来,苏沐橙,44
拉进来,刘皓,44
拉进来,叶修,72
拉进来,唐柔,8
拉进来,刘浩,8
蓝集阁,陈夜辉,84
蓝集阁,刘皓,4
蓝集阁,苏沐橙,28
蓝集阁,乔一帆,52
蓝集阁,扬剑,4
扬剑,陈夜辉,84
扬剑,蓝集阁,4
扬剑,刘皓,4
扬剑,苏沐橙,28
扬剑,乔一帆,52
扬剑,叶修,80
扬剑,之森,4
扬剑,铁三角,4
扬剑,格森,4
扬剑,乌云,4
扬剑,沙沙声,8
扬剑,林中飞,4
丰几人,叶修,32
丰几人,小树林,4
丰几人,宁静,4
丰几人,堵墙,12
小树林,叶修,32
小树林,丰几人,4
小树林,宁静,4
小树林,堵墙,12
宁静,叶修,72
宁静,丰几人,4
宁静,小树林,4
宁静,堵墙,12
宁静,苏沐橙,52
宁静,唐柔,20
宁静,黄少天,184
宁静,乔一帆,72
宁静,黄少一,4
宁静,王杰希,4
宁静,雅图,12
宁静,布甲,12
宁静,张罗,12
宁静,谢后,12
宁静,太贵,12
宁静,加粗,8
宁静,小剑,4
宁静,木剑,4
堵墙,叶修,96
堵墙,丰几人,12
堵墙,小树林,12
堵墙,宁静,12
王泽,叶修,1060
王泽,唐柔,536
王泽,刘皓,580
王泽,陈夜辉,64
王泽,方锋然,88
王泽,张家兴,24
王泽,申建,40
王泽,陈果,64
王泽,孙翔,76
王泽,黄少天,40
王泽,康师傅,4
王泽,苏沐橙,52
王泽,小姐,4
王泽,高中生,4
王泽,边笑边,4
王泽,白羊座,4
王泽,齐声,4
王泽,叶哥,80
王泽,静静,16
王泽,杨聪,16
王泽,许斌,16
王泽,小唐,16
方锋然,叶修,1060
方锋然,唐柔,536
方锋然,刘皓,580
方锋然,陈夜辉,64
方锋然,王泽,88
方锋然,张家兴,24
方锋然,申建,40
方锋然,陈果,64
方锋然,孙翔,76
方锋然,黄少天,40
方锋然,康师傅,4
方锋然,苏沐橙,52
方锋然,小姐,4
方锋然,高中生,4
方锋然,边笑边,4
方锋然,白羊座,4
方锋然,齐声,4
方锋然,叶哥,80
方锋然,静静,16
方锋然,杨聪,16
方锋然,许斌,16
方锋然,小唐,16
张家兴,叶修,120
张家兴,唐柔,48
张家兴,刘皓,300
张家兴,陈夜辉,24
张家兴,王泽,24
张家兴,方锋然,24
张家兴,申建,60
张家兴,陈果,24
张家兴,孙翔,72
张家兴,黄少天,60
申建,叶修,200
申建,唐柔,80
申建,刘皓,500
申建,陈夜辉,40
申建,王泽,40
申建,方锋然,40
申建,张家兴,60
申建,陈果,40
申建,孙翔,120
申建,黄少天,100
宝贝,叶修,40
宝贝,云归,4
宝贝,紫铜,4
宝贝,齐声,4
云归,宝贝,4
云归,叶修,60
云归,紫铜,4
云归,齐声,8
云归,雷鸣,16
齐声,宝贝,4
齐声,叶修,844
齐声,云归,8
齐声,紫铜,4
齐声,路平,32
齐声,冷青,12
齐声,阴奉阳,4
齐声,吕征,8
齐声,卫天启,12
齐声,严歌,8
齐声,白花花,4
齐声,陈果,252
齐声,张卡朝,4
齐声,唐柔,288
齐声,叶冉,4
齐声,马甲,4
齐声,黄少天,8
齐声,李艺博,32
齐声,苏沐橙,20
齐声,潘林,32
齐声,范围广,4
齐声,王杰希,92
齐声,连唐,4
齐声,田九,16
齐声,托亚,4
齐声,乔一凡,4
齐声,齐赞,4
齐声,刘皓,8
齐声,王泽,4
齐声,方锋然,4
齐声,陈夜辉,12
齐声,高中生,4
齐声,边笑边,4
齐声,白羊座,4
齐声,老东家,4
齐声,孙翔,4
齐声,雷鸣,16
齐声,迟早会,4
齐声,塞进,4
齐声,胡玩,4
齐声,钟爱,4
齐声,小强,4
齐声,连紫,4
齐声,巴结,4
齐声,白狼,4
齐声,凤锤,8
沙蚕,叶修,192
沙蚕,唐柔,96
沙蚕,陈果,36
沙蚕,陈国,4
沙蚕,大了些,4
沙蚕,佩刀,8
陈国,叶修,176
陈国,唐柔,96
陈国,陈果,68
陈国,沙蚕,4
陈国,大了些,4
陈国,苏沐橙,48
陈国,修文,8
陈国,完刚,8
陈国,杨聪,80
陈国,潘林,96
陈国,李艺博,104
陈国,孙翔,88
陈国,潘林烁,16
叶锋,叶修,32
叶锋,唐柔,48
叶锋,但盾,4
叶锋,利剑,4
但盾,叶修,32
但盾,唐柔,48
但盾,叶锋,4
但盾,利剑,4
张新杰,黄少天,380
张新杰,叶修,140
张新杰,苏沐橙,140
张新杰,乔一帆,20
张新杰,韩文清,140
冷清,陈果,4
冷清,叶修,80
冷清,唐柔,8
赛恩,蔚蓝,4
赛恩,叶修,16
赛恩,海扁,4
蔚蓝,赛恩,4
蔚蓝,叶修,116
蔚蓝,海扁,4
蔚蓝,陈果,96
蔚蓝,唐柔,144
蔚蓝,白吃,4
蔚蓝,小唐,8
海扁,赛恩,4
海扁,蔚蓝,4
海扁,叶修,112
海扁,奥义,8
海扁,斯文人,4
海扁,太新嫩,4
海扁,陈夜辉,64
海扁,双放,4
海扁,唐柔,8
海扁,陈夜,4
之森,叶修,424
之森,真如飞,8
之森,小森,8
之森,青铜剑,8
之森,布满,8
之森,蓝绿,8
之森,陈果,24
之森,史诗,16
之森,来格森,8
之森,铁三角,4
之森,格森,4
之森,乌云,4
之森,沙沙声,8
之森,林中飞,4
之森,扬剑,4
之森,探雷,4
之森,张大嘴,4
之森,黄少天,4
之森,云云,4
之森,白狼,4
真如飞,叶修,52
真如飞,之森,8
真如飞,小森,4
小森,叶修,52
小森,之森,8
小森,真如飞,4
卡有,陈果,192
卡有,叶修,164
卡有,白净,4
卡有,钱塞,4
白净,陈果,192
白净,叶修,164
白净,卡有,4
白净,钱塞,4
钱塞,陈果,192
钱塞,叶修,164
钱塞,卡有,4
钱塞,白净,4
唐果,唐柔,72
唐果,陈果,104
唐果,叶修,36
唐果,小唐,8
远高于,王杰希,92
远高于,李济,44
远高于,叶修,64
远高于,梁方,4
远高于,刘小别,4
远高于,小杰,4
远高于,高英杰,12
远高于,柳非,28
远高于,李亦辉,8
远高于,周烨柏,8
远高于,肖云,8
远高于,乔一帆,12
远高于,邓复升,12
远高于,齐飞,4
远高于,黄少天,48
远高于,苏沐橙,8
远高于,唐柔,8
远高于,花大,4
远高于,杰希,4
李亦辉,王杰希,136
李亦辉,李济,88
李亦辉,远高于,8
李亦辉,叶修,24
李亦辉,梁方,8
李亦辉,刘小别,8
李亦辉,小杰,8
李亦辉,高英杰,24
李亦辉,柳非,56
李亦辉,周烨柏,16
李亦辉,肖云,16
李亦辉,乔一帆,24
李亦辉,邓复升,24
李亦辉,齐飞,8
齐飞,王杰希,68
齐飞,李济,44
齐飞,远高于,4
齐飞,叶修,12
齐飞,梁方,4
齐飞,刘小别,4
齐飞,小杰,4
齐飞,高英杰,12
齐飞,柳非,28
齐飞,李亦辉,8
齐飞,周烨柏,8
齐飞,肖云,8
齐飞,乔一帆,12
齐飞,邓复升,12
林天仪,严歌,1024
林天仪,苏唐,3796
林天仪,许唯风,1596
林天仪,刚一柔,60
林天仪,北斗,368
林天仪,张开,120
林天仪,千松尺,120
林天仪,吕沉风,1272
林天仪,仁慈,24
林天仪,云淡风,24
林天仪,林柏英,1968
林天仪,那波,24
林天仪,唐三人,24
林天仪,神武印,784
林天仪,吕师,176
林天仪,路平,488
林天仪,吕沉,80
林天仪,天醒,24
林天仪,但天醒,24
林天仪,盖章,176
林天仪,玄武,440
林天仪,武印,88
林天仪,小妞,88
林天仪,塞进去,88
林天仪,加神武,88
林天仪,唐人,88
林天仪,聂让,336
林天仪,燕氏,84
林天仪,英才,84
林天仪,柏英,84
林天仪,余波,56
林天仪,大皇氏,28
林天仪,余韵,28
林天仪,何干,28
林天仪,冷青,388
林天仪,吕征,292
林天仪,屈服于,16
林天仪,静静,4
林天仪,温顺,4
林天仪,平笑笑,28
林天仪,望向正,28
林天仪,伍季,56
苏唐,严歌,1224
苏唐,林天仪,3796
苏唐,许唯风,1212
苏唐,刚一柔,56
苏唐,北斗,428
苏唐,张开,112
苏唐,千松尺,80
苏唐,吕沉风,1620
苏唐,仁慈,36
苏唐,云淡风,36
苏唐,林柏英,1600
苏唐,那波,36
苏唐,唐三人,36
苏唐,神武印,780
苏唐,吕师,188
苏唐,路平,124
苏唐,吕沉,44
苏唐,天醒,36
苏唐,但天醒,36
苏唐,盖章,160
苏唐,玄武,400
苏唐,武印,80
苏唐,小妞,80
苏唐,塞进去,80
苏唐,加神武,80
苏唐,唐人,80
苏唐,聂让,112
苏唐,燕氏,28
苏唐,英才,28
苏唐,柏英,28
苏唐,余波,104
苏唐,大皇氏,52
苏唐,余韵,52
苏唐,何干,52
苏唐,平笑笑,4
苏唐,望向正,4
苏唐,伍季,8
许唯风,严歌,380
许唯风,林天仪,1596
许唯风,苏唐,1212
许唯风,刚一柔,32
许唯风,北斗,172
许唯风,张开,64
许唯风,千松尺,32
许唯风,吕沉风,560
许唯风,仁慈,16
许唯风,云淡风,16
许唯风,林柏英,704
许唯风,那波,16
许唯风,唐三人,16
许唯风,神武印,136
许唯风,吕师,80
许唯风,路平,112
许唯风,吕沉,16
许唯风,天醒,16
许唯风,但天醒,16
许唯风,盖章,24
许唯风,玄武,60
许唯风,武印,12
许唯风,小妞,12
许唯风,塞进去,12
许唯风,加神武,12
许唯风,唐人,12
许唯风,聂让,128
许唯风,燕氏,32
许唯风,英才,32
许唯风,柏英,32
许唯风,余波,24
许唯风,大皇氏,12
许唯风,余韵,12
许唯风,何干,12
刚一柔,严歌,4
刚一柔,林天仪,60
刚一柔,苏唐,56
刚一柔,许唯风,32
刚一柔,北斗,4
刚一柔,张开,8
贺礼,叶修,76
贺礼,苏沐橙,24
贺礼,布甲,8
贺礼,唐柔,24
贺礼,乔一帆,12
贺礼,唐乔,4
贺礼,雷鸣,4
贺礼,黄少天,4
唐乔,叶修,76
唐乔,苏沐橙,24
唐乔,贺礼,4
唐乔,布甲,8
唐乔,唐柔,24
唐乔,乔一帆,12
唐乔,雷鸣,4
唐乔,黄少天,4
红白,叶修,124
红白,唐柔,40
红白,苏沐橙,52
红白,张罗,4
红白,白狼,4
白狼,叶修,484
白狼,唐柔,40
白狼,苏沐橙,52
白狼,张罗,4
白狼,红白,4
白狼,白白,12
白狼,付清,4
白狼,白狼牙,4
白狼,那密银,16
白狼,熊掌,8
白狼,白送,12
白狼,有俱,4
白狼,了什,4
白狼,张口,4
白狼,周泽楷,4
白狼,小强,4
白狼,连紫,4
白狼,巴结,4
白狼,齐声,4
白狼,凤锤,8
白狼,黄少天,4
白狼,之森,4
白狼,云云,4
车前草,叶修,40
车前草,温馨,4
车前草,闻言,4
车前草,花加,4
车前草,老蓝,4
温馨,叶修,16
温馨,车前草,4
温馨,闻言,4
闻言,叶修,16
闻言,车前草,4
闻言,温馨,4
冷青,路平,1416
冷青,齐声,12
冷青,阴奉阳,12
冷青,吕征,1676
冷青,卫天启,164
冷青,严歌,220
冷青,孤峰,32
冷青,向侧面,32
冷青,吕大人,32
冷青,张罗人,32
冷青,吕沉风,64
冷青,林天仪,388
冷青,千松尺,88
冷青,屈服于,88
冷青,静静,36
冷青,温顺,36
阴奉阳,路平,32
阴奉阳,齐声,4
阴奉阳,冷青,12
阴奉阳,吕征,8
阴奉阳,卫天启,12
阴奉阳,严歌,8
吕征,路平,836
吕征,齐声,8
吕征,冷青,1676
吕征,阴奉阳,8
吕征,卫天启,40
吕征,严歌,100
吕征,孤峰,4
吕征,向侧面,4
吕征,吕大人,4
吕征,张罗人,4
吕征,吕沉风,8
吕征,林天仪,292
吕征,千松尺,72
吕征,屈服于,72
吕征,静静,4
吕征,温顺,4
卫天启,路平,208
卫天启,齐声,12
卫天启,冷青,164
卫天启,阴奉阳,12
卫天启,吕征,40
卫天启,严歌,24
卫天启,孤峰,16
卫天启,向侧面,16
卫天启,吕大人,16
卫天启,张罗人,16
卫天启,吕沉风,32
青铜剑,叶修,56
青铜剑,布满,4
青铜剑,蓝绿,4
青铜剑,陈果,12
青铜剑,史诗,8
青铜剑,之森,8
青铜剑,来格森,4
布满,叶修,56
布满,青铜剑,4
布满,蓝绿,4
布满,陈果,12
布满,史诗,8
布满,之森,8
布满,来格森,4
史诗,叶修,112
史诗,青铜剑,8
史诗,布满,8
史诗,蓝绿,8
史诗,陈果,24
史诗,之森,16
史诗,来格森,8
来格森,叶修,56
来格森,青铜剑,4
来格森,布满,4
来格森,蓝绿,4
来格森,陈果,12
来格森,史诗,8
来格森,之森,8
千松尺,苏唐,80
千松尺,严歌,164
千松尺,北斗,72
千松尺,吕沉风,192
千松尺,仁慈,8
千松尺,云淡风,8
千松尺,林柏英,208
千松尺,那波,8
千松尺,唐三人,8
千松尺,许唯风,32
千松尺,神武印,8
千松尺,吕师,56
千松尺,路平,56
千松尺,吕沉,24
千松尺,林天仪,120
千松尺,天醒,8
千松尺,但天醒,8
千松尺,冷青,88
千松尺,吕征,72
千松尺,屈服于,4
千松尺,平笑笑,8
千松尺,望向正,8
千松尺,伍季,16
仁慈,苏唐,36
仁慈,严歌,48
仁慈,北斗,32
仁慈,千松尺,8
仁慈,吕沉风,76
仁慈,云淡风,4
仁慈,林柏英,48
仁慈,那波,4
仁慈,唐三人,4
仁慈,许唯风,16
仁慈,神武印,4
仁慈,吕师,20
仁慈,路平,4
仁慈,吕沉,4
仁慈,林天仪,24
仁慈,天醒,4
仁慈,但天醒,4
云淡风,苏唐,36
云淡风,严歌,48
云淡风,北斗,32
云淡风,千松尺,8
云淡风,吕沉风,76
云淡风,仁慈,4
云淡风,林柏英,48
云淡风,那波,4
云淡风,唐三人,4
云淡风,许唯风,16
云淡风,神武印,4
云淡风,吕师,20
云淡风,路平,4
云淡风,吕沉,4
云淡风,林天仪,24
云淡风,天醒,4
云淡风,但天醒,4
那波,苏唐,36
那波,严歌,48
那波,北斗,32
那波,千松尺,8
那波,吕沉风,76
那波,仁慈,4
那波,云淡风,4
那波,林柏英,48
那波,唐三人,4
那波,许唯风,16
那波,神武印,4
那波,吕师,20
那波,路平,4
那波,吕沉,4
那波,林天仪,24
那波,天醒,4
那波,但天醒,4
唐三人,苏唐,36
唐三人,严歌,48
唐三人,北斗,32
唐三人,千松尺,8
唐三人,吕沉风,76
唐三人,仁慈,4
唐三人,云淡风,4
唐三人,林柏英,48
唐三人,那波,4
唐三人,许唯风,16
唐三人,神武印,4
唐三人,吕师,20
唐三人,路平,4
唐三人,吕沉,4
唐三人,林天仪,24
唐三人,天醒,4
唐三人,但天醒,4
神武印,苏唐,780
神武印,严歌,176
神武印,北斗,64
神武印,千松尺,8
神武印,吕沉风,228
神武印,仁慈,4
神武印,云淡风,4
神武印,林柏英,176
神武印,那波,4
神武印,唐三人,4
神武印,许唯风,136
神武印,吕师,20
神武印,路平,4
神武印,吕沉,4
神武印,林天仪,784
神武印,天醒,4
神武印,但天醒,4
神武印,盖章,64
神武印,玄武,160
神武印,武印,32
神武印,小妞,32
神武印,塞进去,32
神武印,加神武,32
神武印,唐人,32
神武印,余波,16
神武印,大皇氏,8
神武印,余韵,8
神武印,何干,8
天醒,苏唐,36
天醒,严歌,48
天醒,北斗,32
天醒,千松尺,8
天醒,吕沉风,76
天醒,仁慈,4
天醒,云淡风,4
天醒,林柏英,48
天醒,那波,4
天醒,唐三人,4
天醒,许唯风,16
天醒,神武印,4
天醒,吕师,20
天醒,路平,4
天醒,吕沉,4
天醒,林天仪,24
天醒,但天醒,4
但天醒,苏唐,36
但天醒,严歌,48
但天醒,北斗,32
但天醒,千松尺,8
但天醒,吕沉风,76
但天醒,仁慈,4
但天醒,云淡风,4
但天醒,林柏英,48
但天醒,那波,4
但天醒,唐三人,4
但天醒,许唯风,16
但天醒,神武印,4
但天醒,吕师,20
但天醒,路平,4
但天醒,吕沉,4
但天醒,林天仪,24
但天醒,天醒,4
铁三角,叶修,80
铁三角,之森,4
铁三角,格森,4
铁三角,乌云,4
铁三角,沙沙声,8
铁三角,林中飞,4
铁三角,扬剑,4
格森,叶修,80
格森,之森,4
格森,铁三角,4
格森,乌云,4
格森,沙沙声,8
格森,林中飞,4
格森,扬剑,4
乌云,叶修,80
乌云,之森,4
乌云,铁三角,4
乌云,格森,4
乌云,沙沙声,8
乌云,林中飞,4
乌云,扬剑,4
沙沙声,叶修,160
沙沙声,之森,8
沙沙声,铁三角,8
沙沙声,格森,8
沙沙声,乌云,8
沙沙声,林中飞,8
沙沙声,扬剑,8
林中飞,叶修,80
林中飞,之森,4
林中飞,铁三角,4
林中飞,格森,4
林中飞,乌云,4
林中飞,沙沙声,8
林中飞,扬剑,4
了影分,叶修,76
了影分,卡怪,12
了影分,安全性,4
了影分,卡成,8
了影分,刘皓,28
了影分,唐柔,8
了影分,苏沐橙,8
卡怪,叶修,228
卡怪,了影分,12
卡怪,安全性,12
卡怪,卡成,24
卡怪,刘皓,84
卡怪,唐柔,24
卡怪,苏沐橙,24
安全性,叶修,76
安全性,了影分,4
安全性,卡怪,12
安全性,卡成,8
安全性,刘皓,28
安全性,唐柔,8
安全性,苏沐橙,8
卡成,叶修,152
卡成,了影分,8
卡成,卡怪,24
卡成,安全性,8
卡成,刘皓,56
卡成,唐柔,16
卡成,苏沐橙,16
英杰,乔一凡,24
英杰,叶修,184
英杰,唐柔,16
英杰,乔一帆,372
英杰,高英杰,256
英杰,王杰希,8
英杰,小杰,8
英杰,柳非,56
英杰,肖云,132
英杰,周烨柏,36
满屏,刘皓,156
满屏,叶修,176
满屏,陈夜辉,32
满屏,唐柔,12
满屏,陈果,80
满屏,陈慕,4
满屏,苏沐橙,12
满屏,卜白,4
满屏,黄金档,4
满屏,殷子,4
满屏,寒潭,4
满屏,丁蓝,4
卜白,刘皓,64
卜白,叶修,152
卜白,陈夜辉,12
卜白,唐柔,12
卜白,陈果,80
卜白,满屏,4
卜白,陈慕,4
卜白,苏沐橙,12
白白,叶修,148
白白,白狼,12
白白,付清,4
白白,白狼牙,4
白白,那密银,8
白白,熊掌,4
白白,白送,4
付清,叶修,80
付清,白狼,4
付清,白白,4
付清,白狼牙,4
白狼牙,叶修,100
白狼牙,白狼,4
白狼牙,白白,4
白狼牙,付清,4
白狼牙,李轩,4
白狼牙,乔一帆,8
白狼牙,张佳乐,20
白狼牙,唐昊,16
白狼牙,黄少天,4
白狼牙,左掌,4
白狼牙,唐柔,8
白狼牙,苏沐橙,4
别往岩,和岩,4
别往岩,子一闪,4
别往岩,九奈,4
别往岩,韩文清,12
子一闪,别往岩,4
子一闪,和岩,4
子一闪,九奈,4
子一闪,韩文清,12
九奈,别往岩,4
九奈,和岩,4
九奈,子一闪,4
九奈,韩文清,12
康师傅,唐柔,112
康师傅,叶修,148
康师傅,陈果,12
康师傅,苏沐橙,4
康师傅,孙翔,12
康师傅,陈夜辉,4
康师傅,王泽,4
康师傅,方锋然,4
康师傅,刘皓,20
康师傅,小姐,4
养老,苏沐橙,24
养老,孙翔,24
养老,古老,4
养老,小姑娘,8
养老,陈果,40
古老,养老,4
古老,苏沐橙,100
古老,孙翔,100
古老,小姑娘,8
古老,陈果,40
古老,乐章,4
古老,张口,4
古老,叶哥,12
古老,由翔哥,4
古老,王朝,4
古老,哈哈笑,4
古老,金山,4
古老,宝贵,4
小姑娘,养老,8
小姑娘,苏沐橙,48
小姑娘,孙翔,48
小姑娘,古老,8
小姑娘,陈果,88
小姑娘,叶修,116
小姑娘,连沉玉,4
小姑娘,小白,12
小姑娘,玉叶,4
小姑娘,比沉玉,4
王朝后,王杰希,68
王朝后,叶修,40
王朝后,玄虚,4
王朝后,白送,4
王朝后,刘小别,36
王朝后,闻明,4
王朝后,肖云,4
王朝后,梁方,72
王朝后,唐柔,16
王朝后,王大眼,12
玄虚,王杰希,68
玄虚,叶修,40
玄虚,王朝后,4
玄虚,白送,4
玄虚,刘小别,36
玄虚,闻明,4
玄虚,肖云,4
玄虚,梁方,72
玄虚,唐柔,16
玄虚,王大眼,12
白送,王杰希,68
白送,叶修,116
白送,王朝后,4
白送,玄虚,4
白送,刘小别,36
白送,闻明,4
白送,肖云,4
白送,梁方,72
白送,唐柔,16
白送,王大眼,12
白送,白狼,12
白送,那密银,8
白送,熊掌,4
白送,白白,4
白送,有俱,4
白送,了什,4
白送,张口,4
白送,周泽楷,4
闻明,王杰希,68
闻明,叶修,40
闻明,王朝后,4
闻明,玄虚,4
闻明,白送,4
闻明,刘小别,36
闻明,肖云,4
闻明,梁方,72
闻明,唐柔,16
闻明,王大眼,12
王大眼,王杰希,292
王大眼,叶修,188
王大眼,王朝后,12
王大眼,玄虚,12
王大眼,白送,12
王大眼,刘小别,108
王大眼,闻明,12
王大眼,肖云,12
王大眼,梁方,216
王大眼,唐柔,68
王大眼,高英杰,8
王大眼,太清,4
王大眼,黄少天,20
王大眼,王朝,4
王大眼,连冠,4
王大眼,大比拼,4
王大眼,邓复升,4
后君,高英杰,44
后君,王杰希,32
后君,小杰,4
后君,叶修,36
后君,刘皓,8
后君,之杰希,4
之杰希,高英杰,44
之杰希,王杰希,32
之杰希,小杰,4
之杰希,后君,4
之杰希,叶修,36
之杰希,刘皓,8
武侠,雷鸣,24
武侠,叶修,44
高高挂,陈果,60
高高挂,叶修,92
高高挂,唐柔,4
高高挂,朽木,4
高高挂,白帅帅,4
朽木,陈果,60
朽木,叶修,92
朽木,唐柔,4
朽木,高高挂,4
朽木,白帅帅,4
白帅帅,陈果,60
白帅帅,叶修,92
白帅帅,唐柔,4
白帅帅,高高挂,4
白帅帅,朽木,4
乔一,唐柔,12
乔一,连冲,4
乔一,包围住,4
乔一,连修,4
乔一,黄少天,16
乔一,雪亮,4
乔一,苏沐橙,4
乔一,乔一帆,8
乔一,周折,4
乔一,盛猛,4
连冲,乔一,4
连冲,唐柔,12
连冲,包围住,4
连冲,连修,4
连冲,黄少天,16
连冲,雪亮,4
连冲,苏沐橙,4
连冲,乔一帆,8
连冲,周折,4
连冲,盛猛,4
包围住,乔一,4
包围住,唐柔,12
包围住,连冲,4
包围住,连修,4
包围住,黄少天,16
包围住,雪亮,4
包围住,苏沐橙,4
包围住,乔一帆,8
包围住,周折,4
包围住,盛猛,4
连修,乔一,4
连修,唐柔,12
连修,连冲,4
连修,包围住,4
连修,黄少天,16
连修,雪亮,4
连修,苏沐橙,4
连修,乔一帆,8
连修,周折,4
连修,盛猛,4
雪亮,乔一,4
雪亮,唐柔,12
雪亮,连冲,4
雪亮,包围住,4
雪亮,连修,4
雪亮,黄少天,16
雪亮,苏沐橙,4
雪亮,乔一帆,8
雪亮,周折,4
雪亮,盛猛,4
雪亮,叶修,40
周折,乔一,4
周折,唐柔,12
周折,连冲,4
周折,包围住,4
周折,连修,4
周折,黄少天,16
周折,雪亮,4
周折,苏沐橙,4
周折,乔一帆,8
周折,盛猛,4
盛猛,乔一,4
盛猛,唐柔,12
盛猛,连冲,4
盛猛,包围住,4
盛猛,连修,4
盛猛,黄少天,16
盛猛,雪亮,4
盛猛,苏沐橙,4
盛猛,乔一帆,8
盛猛,周折,4
高超,刘皓,52
高超,叶修,148
高超,唐柔,36
高超,小白,4
高超,杜绝,4
高超,齐聚,4
盛武,黄少天,64
盛武,乔一帆,28
盛武,唐柔,32
盛武,叶修,24
盛武,新一波,4
盛武,苏沐橙,4
新一波,黄少天,64
新一波,乔一帆,28
新一波,唐柔,32
新一波,叶修,24
新一波,盛武,4
新一波,苏沐橙,4
白花花,叶修,132
白花花,齐声,4
白花花,陈果,64
白花花,张卡朝,4
张卡朝,叶修,132
张卡朝,齐声,4
张卡朝,白花花,4
张卡朝,陈果,64
凌厉,路平,20
凌厉,伍季,44
凌厉,齐向,4
凌厉,聂让,12
齐向,路平,20
齐向,伍季,44
齐向,凌厉,4
齐向,聂让,12
聂让,路平,108
聂让,伍季,132
聂让,凌厉,12
聂让,齐向,12
聂让,燕氏,16
聂让,林柏英,160
聂让,林天仪,336
聂让,英才,16
聂让,吕沉风,32
聂让,柏英,16
聂让,苏唐,112
聂让,许唯风,128
斯文人,叶修,60
斯文人,奥义,8
斯文人,海扁,4
斯文人,太新嫩,4
太新嫩,叶修,60
太新嫩,奥义,8
太新嫩,海扁,4
太新嫩,斯文人,4
小花招,叶修,36
小花招,却宁,4
却宁,小花招,4
却宁,叶修,36
叶冉,唐柔,20
叶冉,叶修,116
叶冉,齐声,4
叶冉,马甲,4
叶冉,黄少天,4
马甲,唐柔,20
马甲,叶修,152
马甲,叶冉,4
马甲,齐声,4
马甲,黄少天,4
马甲,苏沐橙,8
马甲,乔一帆,4
马甲,天亮,4
范围广,李艺博,32
范围广,苏沐橙,20
范围广,潘林,32
范围广,陈果,16
范围广,叶修,24
范围广,齐声,4
韦斯,黄少天,120
韦斯,叶修,184
韦斯,苏沐橙,8
韦斯,乔一帆,8
韦斯,唐柔,8
韦斯,陈夜辉,24
冉卡,刘皓,52
冉卡,叶修,120
冉卡,皮甲,4
冉卡,苏沐橙,8
冉卡,蓝膑,4
冉卡,唐柔,20
冉卡,唐桑,4
冉卡,陈夜辉,20
冉卡,叶大神,4
蓝膑,刘皓,52
蓝膑,叶修,120
蓝膑,皮甲,4
蓝膑,苏沐橙,8
蓝膑,冉卡,4
蓝膑,唐柔,20
蓝膑,唐桑,4
蓝膑,陈夜辉,20
蓝膑,叶大神,4
唐桑,刘皓,52
唐桑,叶修,120
唐桑,皮甲,4
唐桑,苏沐橙,8
唐桑,冉卡,4
唐桑,蓝膑,4
唐桑,唐柔,20
唐桑,陈夜辉,20
唐桑,叶大神,4
白沙,叶修,620
白沙,苏沐橙,128
白沙,乔一帆,88
白沙,唐柔,88
白沙,李轩,12
白沙,红塔山,12
白沙,黄鹤楼,12
白沙,叶井,12
白沙,左冲右,12
白沙,戴起,4
白沙,祝贺,4
白沙,陈夜辉,8
白沙,刘皓,8
红塔山,叶修,180
红塔山,苏沐橙,32
红塔山,乔一帆,24
红塔山,唐柔,28
红塔山,李轩,4
红塔山,白沙,12
红塔山,黄鹤楼,4
红塔山,叶井,4
红塔山,左冲右,4
黄鹤楼,叶修,180
黄鹤楼,苏沐橙,32
黄鹤楼,乔一帆,24
黄鹤楼,唐柔,28
黄鹤楼,李轩,4
黄鹤楼,白沙,12
黄鹤楼,红塔山,4
黄鹤楼,叶井,4
黄鹤楼,左冲右,4
左冲右,叶修,180
左冲右,苏沐橙,32
左冲右,乔一帆,24
左冲右,唐柔,28
左冲右,李轩,4
左冲右,白沙,12
左冲右,红塔山,4
左冲右,黄鹤楼,4
左冲右,叶井,4
连唐,王杰希,92
连唐,叶修,52
连唐,唐柔,24
连唐,黄少天,4
连唐,齐声,4
连唐,田九,16
田九,王杰希,368
田九,叶修,208
田九,连唐,16
田九,唐柔,96
田九,黄少天,16
田九,齐声,16
唐昊,黄少天,376
唐昊,林敬言,80
唐昊,叶修,660
唐昊,唐柔,152
唐昊,孙翔,60
唐昊,周泽楷,20
唐昊,苏沐橙,36
唐昊,乔一帆,132
唐昊,高英杰,20
唐昊,李轩,16
唐昊,张佳乐,80
唐昊,白狼牙,16
唐昊,左掌,16
林敬言,黄少天,288
林敬言,唐昊,80
林敬言,叶修,464
林敬言,唐柔,96
林敬言,孙翔,48
林敬言,周泽楷,16
林敬言,苏沐橙,16
林敬言,乔一帆,80
林敬言,高英杰,16
宛若,苏沐橙,20
宛若,刘皓,88
宛若,叶修,44
宛若,刘浩,4
宛若,白归白,4
宛若,花心思,4
白归白,苏沐橙,20
白归白,刘皓,88
白归白,叶修,44
白归白,宛若,4
白归白,刘浩,4
白归白,花心思,4
花心思,苏沐橙,20
花心思,刘皓,88
花心思,叶修,44
花心思,宛若,4
花心思,刘浩,4
花心思,白归白,4
莫笑,黄少天,120
莫笑,黄少友,4
莫笑,林子里,4
莫笑,龚之剑,4
莫笑,子飞,4
莫笑,武强,4
莫笑,叶修,80
莫笑,小白,24
莫笑,别信,8
莫笑,许诺,8
黄少友,黄少天,120
黄少友,莫笑,4
黄少友,林子里,4
黄少友,龚之剑,4
黄少友,子飞,4
黄少友,武强,4
龚之剑,黄少天,120
龚之剑,莫笑,4
龚之剑,黄少友,4
龚之剑,林子里,4
龚之剑,子飞,4
龚之剑,武强,4
子飞,黄少天,120
子飞,莫笑,4
子飞,黄少友,4
子飞,林子里,4
子飞,龚之剑,4
子飞,武强,4
卓一帆,周烨柏,64
卓一帆,柳非,80
卓一帆,乔一帆,160
卓一帆,肖云,512
卓一帆,高英杰,80
卓一帆,皮甲,16
卓一帆,蓝天,16
蓝天,周烨柏,16
蓝天,柳非,20
蓝天,乔一帆,40
蓝天,肖云,128
蓝天,高英杰,20
蓝天,卓一帆,16
蓝天,皮甲,4
黄少一,宁静,4
黄少一,叶修,40
黄少一,苏沐橙,40
黄少一,唐柔,20
黄少一,黄少天,100
黄少一,乔一帆,60
黄少一,王杰希,4
盖章,玄武,40
盖章,武印,8
盖章,神武印,64
盖章,北斗,8
盖章,严歌,8
盖章,吕沉风,8
盖章,苏唐,160
盖章,小妞,8
盖章,林天仪,176
盖章,许唯风,24
盖章,塞进去,8
盖章,加神武,8
盖章,唐人,8
玄武,盖章,40
玄武,武印,20
玄武,神武印,160
玄武,北斗,20
玄武,严歌,20
玄武,吕沉风,20
玄武,苏唐,400
玄武,小妞,20
玄武,林天仪,440
玄武,许唯风,60
玄武,塞进去,20
玄武,加神武,20
玄武,唐人,20
武印,盖章,8
武印,玄武,20
武印,神武印,32
武印,北斗,4
武印,严歌,4
武印,吕沉风,4
武印,苏唐,80
武印,小妞,4
武印,林天仪,88
武印,许唯风,12
武印,塞进去,4
武印,加神武,4
武印,唐人,4
小妞,盖章,8
小妞,玄武,20
小妞,武印,4
小妞,神武印,32
小妞,北斗,4
小妞,严歌,4
小妞,吕沉风,4
小妞,苏唐,80
小妞,林天仪,88
小妞,许唯风,12
小妞,塞进去,4
小妞,加神武,4
小妞,唐人,4
小妞,苏沫橙,72
小妞,太猛,8
小妞,加农,8
小妞,双飞,8
塞进去,盖章,8
塞进去,玄武,20
塞进去,武印,4
塞进去,神武印,32
塞进去,北斗,4
塞进去,严歌,4
塞进去,吕沉风,4
塞进去,苏唐,80
塞进去,小妞,4
塞进去,林天仪,88
塞进去,许唯风,12
塞进去,加神武,4
塞进去,唐人,4
加神武,盖章,8
加神武,玄武,20
加神武,武印,4
加神武,神武印,32
加神武,北斗,4
加神武,严歌,4
加神武,吕沉风,4
加神武,苏唐,80
加神武,小妞,4
加神武,林天仪,88
加神武,许唯风,12
加神武,塞进去,4
加神武,唐人,4
唐人,盖章,8
唐人,玄武,20
唐人,武印,4
唐人,神武印,32
唐人,北斗,4
唐人,严歌,4
唐人,吕沉风,4
唐人,苏唐,80
唐人,小妞,4
唐人,林天仪,88
唐人,许唯风,12
唐人,塞进去,4
唐人,加神武,4
呼啸声,乔一帆,4
呼啸声,叶修,4
呼啸声,苏沐橙,8
齐赞,叶修,48
齐赞,陈果,32
齐赞,齐声,4
明堂,刘皓,8
明堂,叶修,88
明堂,唐柔,76
明堂,苏沐橙,40
明堂,玄奥,4
明堂,宁死,4
明堂,宝贵,4
明堂,武光剑,4
明堂,扬后,4
明堂,小老鼠,4
玄奥,刘皓,8
玄奥,叶修,88
玄奥,唐柔,76
玄奥,苏沐橙,40
玄奥,明堂,4
玄奥,宁死,4
玄奥,宝贵,4
玄奥,武光剑,4
玄奥,扬后,4
玄奥,小老鼠,4
宁死,刘皓,8
宁死,叶修,88
宁死,唐柔,76
宁死,苏沐橙,40
宁死,明堂,4
宁死,玄奥,4
宁死,宝贵,4
宁死,武光剑,4
宁死,扬后,4
宁死,小老鼠,4
武光剑,刘皓,8
武光剑,叶修,88
武光剑,唐柔,76
武光剑,苏沐橙,40
武光剑,明堂,4
武光剑,玄奥,4
武光剑,宁死,4
武光剑,宝贵,4
武光剑,扬后,4
武光剑,小老鼠,4
扬后,刘皓,8
扬后,叶修,88
扬后,唐柔,76
扬后,苏沐橙,40
扬后,明堂,4
扬后,玄奥,4
扬后,宁死,4
扬后,宝贵,4
扬后,武光剑,4
扬后,小老鼠,4
小老鼠,刘皓,8
小老鼠,叶修,88
小老鼠,唐柔,76
小老鼠,苏沐橙,40
小老鼠,明堂,4
小老鼠,玄奥,4
小老鼠,宁死,4
小老鼠,宝贵,4
小老鼠,武光剑,4
小老鼠,扬后,4
苗子,刘皓,120
苗子,叶修,44
苗子,孙翔,80
苗子,陈夜辉,80
苗子,韩文清,4
苗子,夜辉,4
苗子,潘林,48
苗子,李艺博,52
苗子,杨聪,4
苗子,陈果,44
苗子,小丑,4
苗子,许兄,4
苗子,许斌,16
苗子,明赞,4
夜辉,刘皓,120
夜辉,叶修,4
夜辉,孙翔,8
夜辉,陈夜辉,80
夜辉,苗子,4
夜辉,韩文清,4
花加,老蓝,4
花加,车前草,4
花加,叶修,24
亚葛,叶修,204
亚葛,雷鸣,8
亚葛,别介意,12
亚葛,马屁拍,12
连帽衫,陈果,12
连帽衫,唐柔,68
连帽衫,叶修,124
连帽衫,张望,4
连帽衫,映亮,4
连帽衫,黄少天,24
连帽衫,西晃,4
连帽衫,刘皓,28
连帽衫,叶大神,4
映亮,陈果,12
映亮,唐柔,68
映亮,叶修,124
映亮,张望,4
映亮,连帽衫,4
映亮,黄少天,24
映亮,西晃,4
映亮,刘皓,28
映亮,叶大神,4
西晃,陈果,12
西晃,唐柔,68
西晃,叶修,124
西晃,张望,4
西晃,连帽衫,4
西晃,映亮,4
西晃,黄少天,24
西晃,刘皓,28
西晃,叶大神,4
越往后,叶修,72
越往后,苏沐橙,16
越往后,乔一帆,12
越往后,黄少天,104
越往后,林子里,4
越往后,林子,4
越往后,陈夜辉,4
那密银,白狼,16
那密银,叶修,136
那密银,熊掌,8
那密银,白白,8
那密银,白送,8
熊掌,白狼,8
熊掌,叶修,68
熊掌,那密银,8
熊掌,白白,4
熊掌,白送,4
孤峰,卫天启,16
孤峰,路平,28
孤峰,向侧面,4
孤峰,冷青,32
孤峰,吕大人,4
孤峰,吕征,4
孤峰,张罗人,4
孤峰,吕沉风,8
向侧面,卫天启,16
向侧面,孤峰,4
向侧面,路平,28
向侧面,冷青,32
向侧面,吕大人,4
向侧面,吕征,4
向侧面,张罗人,4
向侧面,吕沉风,8
吕大人,卫天启,16
吕大人,孤峰,4
吕大人,路平,28
吕大人,向侧面,4
吕大人,冷青,32
吕大人,吕征,4
吕大人,张罗人,4
吕大人,吕沉风,8
张罗人,卫天启,16
张罗人,孤峰,4
张罗人,路平,28
张罗人,向侧面,4
张罗人,冷青,32
张罗人,吕大人,4
张罗人,吕征,4
张罗人,吕沉风,8
乐章,苏沐橙,76
乐章,孙翔,76
乐章,张口,4
乐章,叶哥,12
乐章,由翔哥,4
乐章,王朝,4
乐章,哈哈笑,4
乐章,古老,4
乐章,金山,4
乐章,宝贵,4
张口,乐章,4
张口,苏沐橙,84
张口,孙翔,76
张口,叶哥,12
张口,由翔哥,4
张口,王朝,4
张口,哈哈笑,4
张口,古老,4
张口,金山,4
张口,宝贵,4
张口,乔一帆,100
张口,唐柔,8
张口,叶修,68
张口,王杰希,4
张口,韩文清,20
张口,紫太刀,4
张口,有俱,4
张口,了什,4
张口,白送,4
张口,白狼,4
张口,周泽楷,4
由翔哥,乐章,4
由翔哥,苏沐橙,76
由翔哥,孙翔,76
由翔哥,张口,4
由翔哥,叶哥,12
由翔哥,王朝,4
由翔哥,哈哈笑,4
由翔哥,古老,4
由翔哥,金山,4
由翔哥,宝贵,4
王朝,乐章,4
王朝,苏沐橙,76
王朝,孙翔,76
王朝,张口,4
王朝,叶哥,12
王朝,由翔哥,4
王朝,哈哈笑,4
王朝,古老,4
王朝,金山,4
王朝,宝贵,4
王朝,叶修,68
王朝,王大眼,4
王朝,王杰希,88
王朝,唐柔,20
王朝,高英杰,8
王朝,太清,4
王朝,黄少天,20
王朝,连冠,4
王朝,大比拼,4
王朝,邓复升,4
哈哈笑,乐章,4
哈哈笑,苏沐橙,76
哈哈笑,孙翔,76
哈哈笑,张口,4
哈哈笑,叶哥,12
哈哈笑,由翔哥,4
哈哈笑,王朝,4
哈哈笑,古老,4
哈哈笑,金山,4
哈哈笑,宝贵,4
金山,乐章,4
金山,苏沐橙,76
金山,孙翔,76
金山,张口,4
金山,叶哥,12
金山,由翔哥,4
金山,王朝,4
金山,哈哈笑,4
金山,古老,4
金山,宝贵,4
黄金档,殷子,4
黄金档,寒潭,4
黄金档,刘皓,92
黄金档,满屏,4
黄金档,陈夜辉,20
黄金档,叶修,24
黄金档,丁蓝,4
殷子,黄金档,4
殷子,寒潭,4
殷子,刘皓,92
殷子,满屏,4
殷子,陈夜辉,20
殷子,叶修,24
殷子,丁蓝,4
丁蓝,黄金档,4
丁蓝,殷子,4
丁蓝,寒潭,4
丁蓝,刘皓,92
丁蓝,满屏,4
丁蓝,陈夜辉,20
丁蓝,叶修,24
梁子,韩文清,8
梁子,寒潭,4
梁子,王座,4
梁子,叶修,48
梁子,苏沐橙,12
梁子,乔一帆,12
梁子,唐柔,20
梁子,宝贵,4
梁子,灵光,4
梁子,关怀,8
王座,韩文清,8
王座,寒潭,4
王座,梁子,4
王座,叶修,48
王座,苏沐橙,12
王座,乔一帆,12
王座,唐柔,20
王座,宝贵,4
王座,灵光,4
王座,关怀,8
灵光,韩文清,8
灵光,寒潭,4
灵光,梁子,4
灵光,王座,4
灵光,叶修,48
灵光,苏沐橙,12
灵光,乔一帆,12
灵光,唐柔,20
灵光,宝贵,4
灵光,关怀,8
关怀,韩文清,16
关怀,寒潭,8
关怀,梁子,8
关怀,王座,8
关怀,叶修,96
关怀,苏沐橙,24
关怀,乔一帆,24
关怀,唐柔,40
关怀,宝贵,8
关怀,灵光,8
卡得,陈果,156
卡得,叶修,12
卡得,小唐,4
卡得,唐柔,88
卡得,那也好,4
那也好,陈果,156
那也好,叶修,12
那也好,小唐,4
那也好,唐柔,88
那也好,卡得,4
高中生,唐柔,72
高中生,叶修,96
高中生,刘皓,8
高中生,王泽,4
高中生,方锋然,4
高中生,陈夜辉,12
高中生,陈果,4
高中生,边笑边,4
高中生,白羊座,4
高中生,齐声,4
边笑边,唐柔,72
边笑边,叶修,96
边笑边,刘皓,8
边笑边,王泽,4
边笑边,方锋然,4
边笑边,陈夜辉,12
边笑边,高中生,4
边笑边,陈果,4
边笑边,白羊座,4
边笑边,齐声,4
白羊座,唐柔,72
白羊座,叶修,96
白羊座,刘皓,8
白羊座,王泽,4
白羊座,方锋然,4
白羊座,陈夜辉,12
白羊座,高中生,4
白羊座,陈果,4
白羊座,边笑边,4
白羊座,齐声,4
苏沫橙,太猛,36
苏沫橙,小妞,72
苏沫橙,加农,36
苏沫橙,双飞,36
太猛,苏沫橙,36
太猛,小妞,8
太猛,加农,4
太猛,双飞,4
太猛,叶修,96
太猛,连沉玉,4
太猛,向沉玉,4
太猛,陈果,8
加农,苏沫橙,36
加农,太猛,4
加农,小妞,8
加农,双飞,4
双飞,苏沫橙,36
双飞,太猛,4
双飞,小妞,8
双飞,加农,4
那哥,叶修,220
那哥,小白,8
那哥,陈果,40
那哥,唐柔,12
那哥,太马虎,4
那哥,叶哥,4
太马虎,叶修,168
太马虎,那哥,4
太马虎,小白,8
太马虎,陈果,28
太马虎,唐柔,36
太马虎,苏沐橙,8
太马虎,双紫蛋,12
太马虎,苏沐澄,8
太马虎,刘皓,36
探雷,叶修,76
探雷,之森,4
探雷,张大嘴,4
张大嘴,叶修,76
张大嘴,之森,4
张大嘴,探雷,4
大将军,叶修,148
大将军,唐柔,88
大将军,陈果,132
大将军,小唐,4
大将军,苏沐橙,4
大将军,乔一帆,4
查户口,陈果,76
查户口,叶修,152
查户口,云云,4
查户口,小唐,4
查户口,唐柔,80
查户口,黄少天,40
查户口,喻文州,36
查户口,又被我,4
云云,陈果,76
云云,叶修,204
云云,查户口,4
云云,小唐,4
云云,唐柔,80
云云,黄少天,44
云云,喻文州,36
云云,又被我,4
云云,之森,4
云云,白狼,4
喻文州,陈果,684
喻文州,叶修,3008
喻文州,查户口,36
喻文州,云云,36
喻文州,小唐,36
喻文州,唐柔,944
喻文州,黄少天,4744
喻文州,又被我,36
喻文州,太迟,112
喻文州,喻文洲,472
喻文州,何曾,112
喻文州,梅西,48
喻文州,陈夜辉,48
喻文州,易老朝,48
喻文州,韩文清,48
喻文州,张卡,48
喻文州,黄少队,48
喻文州,齐聚,28
喻文州,连贯性,72
喻文州,刘皓,576
喻文州,俞文洲,72
又被我,陈果,76
又被我,叶修,152
又被我,查户口,4
又被我,云云,4
又被我,小唐,4
又被我,唐柔,80
又被我,黄少天,40
又被我,喻文州,36
顾客,王杰希,84
顾客,孙翔,4
顾客,叶修,104
顾客,唐柔,96
顾客,唐小姐,24
唐小姐,王杰希,504
唐小姐,孙翔,24
唐小姐,顾客,24
唐小姐,叶修,624
唐小姐,唐柔,576
游龙,叶修,120
游龙,苏沐橙,20
游龙,乔一帆,12
游龙,唐柔,36
游龙,黄少天,4
白吃,陈果,96
白吃,唐柔,144
白吃,叶修,100
白吃,蔚蓝,4
白吃,小唐,8
静静,刘皓,88
静静,叶哥,20
静静,叶修,184
静静,陈果,8
静静,唐柔,80
静静,陈夜辉,8
静静,王泽,16
静静,方锋然,16
静静,孙翔,4
静静,杨聪,4
静静,许斌,4
静静,小唐,4
静静,苏沐橙,12
静静,冷青,36
静静,林天仪,4
静静,严歌,12
静静,路平,24
静静,温顺,4
静静,吕征,4
张佳乐,乔一帆,96
张佳乐,唐柔,80
张佳乐,苏沐橙,68
张佳乐,叶修,172
张佳乐,李轩,20
张佳乐,唐昊,80
张佳乐,黄少天,20
张佳乐,白狼牙,20
张佳乐,左掌,20
双放,陈夜辉,64
双放,叶修,36
双放,海扁,4
双放,唐柔,8
双放,陈夜,4
陈夜,陈夜辉,64
陈夜,叶修,36
陈夜,海扁,4
陈夜,双放,4
陈夜,唐柔,8
巴结,叶修,124
巴结,小白,4
巴结,小强,4
巴结,连紫,4
巴结,齐声,4
巴结,白狼,4
巴结,凤锤,8
单章,双章,12
双章,单章,12
段子,叶修,28
段子,陈果,64
段子,唐柔,8
天亮,马甲,4
天亮,叶修,36
天亮,苏沐橙,8
天亮,乔一帆,4
顾问团,王杰希,100
顾问团,乔一帆,16
顾问团,高英杰,48
顾问团,肖云,52
顾问团,周烨柏,16
顾问团,柳非,24
顾问团,张益玮,12
顾问团,李博,12
顾问团,明青,4
顾问团,小杰,4
顾问团,小九九,4
顾问团,王希杰,4
顾问团,杰希,8
顾问团,邓复升,4
顾问团,乔一凡,12
张益玮,王杰希,300
张益玮,乔一帆,48
张益玮,高英杰,144
张益玮,肖云,156
张益玮,周烨柏,48
张益玮,柳非,72
张益玮,顾问团,12
张益玮,李博,36
张益玮,明青,12
张益玮,小杰,12
张益玮,小九九,12
张益玮,王希杰,12
张益玮,杰希,24
张益玮,邓复升,12
张益玮,乔一凡,36
李博,王杰希,300
李博,乔一帆,48
李博,高英杰,144
李博,肖云,156
李博,周烨柏,48
李博,柳非,72
李博,顾问团,12
李博,张益玮,36
李博,明青,12
李博,小杰,12
李博,小九九,12
李博,王希杰,12
李博,杰希,24
李博,邓复升,12
李博,乔一凡,36
明青,王杰希,100
明青,乔一帆,16
明青,高英杰,48
明青,肖云,52
明青,周烨柏,16
明青,柳非,24
明青,顾问团,4
明青,张益玮,12
明青,李博,12
明青,小杰,4
明青,小九九,4
明青,王希杰,4
明青,杰希,8
明青,邓复升,4
明青,乔一凡,12
小九九,王杰希,100
小九九,乔一帆,16
小九九,高英杰,48
小九九,肖云,52
小九九,周烨柏,16
小九九,柳非,24
小九九,顾问团,4
小九九,张益玮,12
小九九,李博,12
小九九,明青,4
小九九,小杰,4
小九九,王希杰,4
小九九,杰希,8
小九九,邓复升,4
小九九,乔一凡,12
花大,黄少天,48
花大,叶修,52
花大,苏沐橙,8
花大,远高于,4
花大,唐柔,8
花大,王杰希,24
花大,杰希,4
林林,叶修,120
林林,乔一帆,60
林林,田野,4
林林,高英杰,4
林林,李轩,12
田野,叶修,120
田野,林林,4
田野,乔一帆,60
田野,高英杰,4
田野,李轩,12
麦子,唐柔,16
麦子,叶修,84
麦子,苏沐橙,28
麦子,利剑,4
麦子,周泽楷,4
麦子,胡闹,4
胡闹,唐柔,16
胡闹,叶修,84
胡闹,苏沐橙,28
胡闹,利剑,4
胡闹,麦子,4
胡闹,周泽楷,4
连沉玉,叶修,212
连沉玉,小姑娘,4
连沉玉,小白,12
连沉玉,玉叶,4
连沉玉,比沉玉,4
连沉玉,陈果,16
连沉玉,向沉玉,4
连沉玉,太猛,4
玉叶,叶修,116
玉叶,连沉玉,4
玉叶,小姑娘,4
玉叶,小白,12
玉叶,比沉玉,4
玉叶,陈果,8
比沉玉,叶修,116
比沉玉,连沉玉,4
比沉玉,小姑娘,4
比沉玉,小白,12
比沉玉,玉叶,4
比沉玉,陈果,8
苏醒,小白,8
苏醒,叶修,32
苏沐桧,苏沐橙,624
苏沐桧,叶修,560
苏沐桧,陈果,16
苏沐桧,周泽楷,32
苏沐桧,黄少天,16
苏沐桧,韩文清,16
苏沐桧,长得帅,16
苏沐桧,孙翔,16
苏沐桧,杨姐,16
苏沐桧,唐柔,48
苏沐桧,宋词,32
长得帅,苏沐橙,156
长得帅,叶修,140
长得帅,苏沐桧,16
长得帅,陈果,4
长得帅,周泽楷,8
长得帅,黄少天,4
长得帅,韩文清,4
长得帅,孙翔,4
长得帅,杨姐,4
长得帅,唐柔,12
长得帅,宋词,8
杨姐,苏沐橙,156
杨姐,叶修,140
杨姐,苏沐桧,16
杨姐,陈果,4
杨姐,周泽楷,8
杨姐,黄少天,4
杨姐,韩文清,4
杨姐,长得帅,4
杨姐,孙翔,4
杨姐,唐柔,12
杨姐,宋词,8
宋词,苏沐橙,312
宋词,叶修,280
宋词,苏沐桧,32
宋词,陈果,8
宋词,周泽楷,16
宋词,黄少天,8
宋词,韩文清,8
宋词,长得帅,8
宋词,孙翔,8
宋词,杨姐,8
宋词,唐柔,24
子致,叶修,80
子致,托孤,4
子致,苏沐橙,4
托孤,叶修,80
托孤,子致,4
托孤,苏沐橙,4
燕氏,聂让,16
燕氏,林柏英,40
燕氏,路平,12
燕氏,林天仪,84
燕氏,英才,4
燕氏,吕沉风,8
燕氏,柏英,4
燕氏,苏唐,28
燕氏,许唯风,32
英才,聂让,16
英才,燕氏,4
英才,林柏英,40
英才,路平,12
英才,林天仪,84
英才,吕沉风,8
英才,柏英,4
英才,苏唐,28
英才,许唯风,32
柏英,聂让,16
柏英,燕氏,4
柏英,林柏英,40
柏英,路平,12
柏英,林天仪,84
柏英,英才,4
柏英,吕沉风,8
柏英,苏唐,28
柏英,许唯风,32
别信,叶修,40
别信,小白,12
别信,莫笑,8
别信,许诺,4
许诺,叶修,40
许诺,小白,12
许诺,莫笑,8
许诺,别信,4
不出什,叶修,104
不出什,唐柔,76
不出什,寒霜,4
不出什,牛修,4
寒霜,叶修,104
寒霜,不出什,4
寒霜,唐柔,76
寒霜,牛修,4
牛修,叶修,104
牛修,不出什,4
牛修,唐柔,76
牛修,寒霜,4
紫太刀,乔一帆,100
紫太刀,唐柔,8
紫太刀,叶修,60
紫太刀,王杰希,4
紫太刀,韩文清,20
紫太刀,张口,4
紫太刀,苏沐橙,8
希杰,叶修,76
希杰,王杰希,92
希杰,杰希,4
希杰,唐柔,88
希杰,柳非,20
希杰,乔一帆,4
希杰,空旷,4
希杰,小姐,4
空旷,叶修,152
空旷,王杰希,92
空旷,杰希,4
空旷,希杰,4
空旷,唐柔,96
空旷,柳非,104
空旷,乔一帆,12
空旷,小姐,4
空旷,殷勤,4
空旷,都是俱,4
空旷,若远,4
空旷,晓罗,4
空旷,查明,4
空旷,高英杰,28
空旷,周烨柏,28
空旷,肖云,4
空旷,周晔柏,4
空旷,小杰,4
别介意,叶修,44
别介意,马屁拍,4
别介意,亚葛,12
马屁拍,叶修,44
马屁拍,别介意,4
马屁拍,亚葛,12
老东家,叶修,56
老东家,孙翔,4
老东家,齐声,4
小山坡,陈夜辉,20
小山坡,唐柔,48
小山坡,叶修,92
小山坡,东澈,4
东澈,陈夜辉,20
东澈,唐柔,48
东澈,叶修,92
东澈,小山坡,4
比橙武,刘皓,96
比橙武,叶修,44
比橙武,唐柔,28
比橙武,陈果,12
比橙武,苏沐橙,8
比橙武,木有木,4
木有木,刘皓,96
木有木,比橙武,4
木有木,叶修,44
木有木,唐柔,28
木有木,陈果,12
木有木,苏沐橙,8
阴笑,刘皓,164
阴笑,叶修,28
雅图,宁静,12
雅图,苏沐橙,4
雅图,乔一帆,4
雅图,布甲,4
雅图,张罗,4
雅图,谢后,4
雅图,太贵,4
谢后,宁静,12
谢后,苏沐橙,4
谢后,乔一帆,4
谢后,雅图,4
谢后,布甲,4
谢后,张罗,4
谢后,太贵,4
太贵,宁静,12
太贵,苏沐橙,4
太贵,乔一帆,4
太贵,雅图,4
太贵,布甲,4
太贵,张罗,4
太贵,谢后,4
成正比,梁方,76
成正比,叶修,56
成正比,陈果,8
成正比,梁芳,4
成正比,王杰希,16
成正比,刘小别,60
成正比,连冠,4
成正比,叶大神,4
梁芳,梁方,76
梁芳,叶修,56
梁芳,陈果,8
梁芳,成正比,4
梁芳,王杰希,16
梁芳,刘小别,60
梁芳,连冠,4
梁芳,叶大神,4
连冠,梁方,76
连冠,叶修,124
连冠,陈果,8
连冠,成正比,4
连冠,梁芳,4
连冠,王杰希,104
连冠,刘小别,60
连冠,叶大神,4
连冠,王大眼,4
连冠,唐柔,20
连冠,高英杰,8
连冠,太清,4
连冠,黄少天,20
连冠,王朝,4
连冠,大比拼,4
连冠,邓复升,4
小丑,孙翔,72
小丑,潘林,48
小丑,李艺博,52
小丑,杨聪,4
小丑,陈果,44
小丑,许兄,4
小丑,许斌,16
小丑,明赞,4
小丑,叶修,40
小丑,苗子,4
许兄,孙翔,72
许兄,潘林,48
许兄,李艺博,52
许兄,杨聪,4
许兄,陈果,44
许兄,小丑,4
许兄,许斌,16
许兄,明赞,4
许兄,叶修,40
许兄,苗子,4
明赞,孙翔,72
明赞,潘林,48
明赞,李艺博,52
明赞,杨聪,4
明赞,陈果,44
明赞,小丑,4
明赞,许兄,4
明赞,许斌,16
明赞,叶修,40
明赞,苗子,4
那可真,苏沐橙,36
那可真,刘皓,68
那可真,陈夜辉,16
那可真,孙翔,4
那可真,易容术,4
那可真,唐柔,64
那可真,叶修,212
那可真,都宁,4
那可真,黄少天,72
那可真,王杰希,16
那可真,王道,4
那可真,乔一帆,36
那可真,苏井橙,4
那可真,明显化,4
那可真,阿红,4
那可真,陈果,8
易容术,苏沐橙,24
易容术,刘皓,68
易容术,陈夜辉,16
易容术,孙翔,4
易容术,那可真,4
易容术,唐柔,16
易容术,叶修,92
易容术,都宁,4
易容术,黄少天,72
易容术,王杰希,4
易容术,王道,4
都宁,苏沐橙,24
都宁,刘皓,68
都宁,陈夜辉,16
都宁,孙翔,4
都宁,那可真,4
都宁,易容术,4
都宁,唐柔,16
都宁,叶修,92
都宁,黄少天,72
都宁,王杰希,4
都宁,王道,4
王道,苏沐橙,24
王道,刘皓,68
王道,陈夜辉,16
王道,孙翔,4
王道,那可真,4
王道,易容术,4
王道,唐柔,16
王道,叶修,92
王道,都宁,4
王道,黄少天,72
王道,王杰希,4
苏井橙,王杰希,12
苏井橙,叶修,120
苏井橙,唐柔,48
苏井橙,乔一帆,36
苏井橙,那可真,4
苏井橙,苏沐橙,12
苏井橙,明显化,4
苏井橙,阿红,4
苏井橙,陈果,8
明显化,王杰希,12
明显化,叶修,120
明显化,唐柔,48
明显化,乔一帆,36
明显化,苏井橙,4
明显化,那可真,4
明显化,苏沐橙,12
明显化,阿红,4
明显化,陈果,8
阿红,王杰希,12
阿红,叶修,188
阿红,唐柔,116
阿红,乔一帆,48
阿红,苏井橙,4
阿红,那可真,4
阿红,苏沐橙,28
阿红,明显化,4
阿红,陈果,8
阿红,乔一凡,12
阿红,孙翔,4
阿红,迟早会,4
阿红,王希杰,16
道谢,唐柔,84
道谢,叶修,144
道谢,苏沐橙,48
道谢,托亚,20
道谢,连超,4
道谢,皮甲,4
道谢,和托亚,4
道谢,小姐,4
道谢,西红柿,4
余波,林柏英,128
余波,林天仪,56
余波,大皇氏,8
余波,吕沉风,120
余波,严歌,96
余波,余韵,8
余波,许唯风,24
余波,苏唐,104
余波,神武印,16
余波,何干,8
大皇氏,林柏英,64
大皇氏,余波,8
大皇氏,林天仪,28
大皇氏,吕沉风,60
大皇氏,严歌,48
大皇氏,余韵,4
大皇氏,许唯风,12
大皇氏,苏唐,52
大皇氏,神武印,8
大皇氏,何干,4
余韵,林柏英,64
余韵,余波,8
余韵,林天仪,28
余韵,大皇氏,4
余韵,吕沉风,60
余韵,严歌,48
余韵,许唯风,12
余韵,苏唐,52
余韵,神武印,8
余韵,何干,4
何干,林柏英,64
何干,余波,8
何干,林天仪,28
何干,大皇氏,4
何干,吕沉风,60
何干,严歌,48
何干,余韵,4
何干,许唯风,12
何干,苏唐,52
何干,神武印,8
太迟,叶修,56
太迟,喻文州,112
太迟,唐柔,8
太迟,黄少天,72
太迟,喻文洲,4
太迟,何曾,4
喻文洲,叶修,76
喻文洲,喻文州,472
喻文洲,唐柔,8
喻文洲,太迟,4
喻文洲,黄少天,512
喻文洲,何曾,4
喻文洲,连贯性,20
喻文洲,刘皓,160
喻文洲,俞文洲,20
何曾,叶修,56
何曾,喻文州,112
何曾,唐柔,8
何曾,太迟,4
何曾,黄少天,72
何曾,喻文洲,4
双紫蛋,叶修,240
双紫蛋,苏沐橙,24
双紫蛋,苏沐澄,24
双紫蛋,唐柔,72
双紫蛋,太马虎,12
双紫蛋,刘皓,108
苏沐澄,叶修,160
苏沐澄,苏沐橙,16
苏沐澄,双紫蛋,24
苏沐澄,唐柔,48
苏沐澄,太马虎,8
苏沐澄,刘皓,72
梅西,陈夜辉,4
梅西,易老朝,4
梅西,喻文州,48
梅西,黄少天,28
梅西,韩文清,4
梅西,张卡,4
梅西,黄少队,4
易老朝,梅西,4
易老朝,陈夜辉,4
易老朝,喻文州,48
易老朝,黄少天,28
易老朝,韩文清,4
易老朝,张卡,4
易老朝,黄少队,4
张卡,梅西,4
张卡,陈夜辉,4
张卡,易老朝,4
张卡,喻文州,48
张卡,黄少天,28
张卡,韩文清,4
张卡,黄少队,4
黄少队,梅西,4
黄少队,陈夜辉,4
黄少队,易老朝,4
黄少队,喻文州,48
黄少队,黄少天,28
黄少队,韩文清,4
黄少队,张卡,4
齐备,叶修,44
齐备,太潮,4
齐备,布皮锁,4
齐备,雷鸣,24
齐备,周末好,4
太潮,叶修,44
太潮,齐备,4
太潮,布皮锁,4
太潮,雷鸣,24
太潮,周末好,4
布皮锁,叶修,44
布皮锁,齐备,4
布皮锁,太潮,4
布皮锁,雷鸣,24
布皮锁,周末好,4
周末好,叶修,44
周末好,齐备,4
周末好,太潮,4
周末好,布皮锁,4
周末好,雷鸣,24
戴起,叶修,80
戴起,白沙,4
戴起,乔一帆,16
戴起,苏沐橙,32
戴起,祝贺,4
戴起,唐柔,4
戴起,陈夜辉,8
戴起,刘皓,8
祝贺,叶修,80
祝贺,白沙,4
祝贺,乔一帆,16
祝贺,苏沐橙,32
祝贺,戴起,4
祝贺,唐柔,4
祝贺,陈夜辉,8
祝贺,刘皓,8
佩刀,叶修,24
佩刀,沙蚕,8
晓之,苏沐橙,56
晓之,唐柔,64
晓之,叶修,152
晓之,刘皓,8
晓之,陈果,60
晓之,叶大神,8
屈服于,冷青,88
屈服于,路平,40
屈服于,吕征,72
屈服于,林天仪,16
屈服于,严歌,4
屈服于,千松尺,4
连三,叶修,100
容知林,叶修,20
容知林,黄少天,20
容知林,荆艮强,4
容知林,张开,4
容知林,苏沐橙,4
容知林,乔一帆,4
容知林,林子里,4
容知林,唐柔,4
容知林,子炫纹,4
荆艮强,叶修,20
荆艮强,黄少天,20
荆艮强,容知林,4
荆艮强,张开,4
荆艮强,苏沐橙,4
荆艮强,乔一帆,4
荆艮强,林子里,4
荆艮强,唐柔,4
荆艮强,子炫纹,4
子炫纹,叶修,20
子炫纹,黄少天,20
子炫纹,容知林,4
子炫纹,荆艮强,4
子炫纹,张开,4
子炫纹,苏沐橙,4
子炫纹,乔一帆,4
子炫纹,林子里,4
子炫纹,唐柔,4
巴掌,唐柔,68
巴掌,陈果,136
巴掌,叶修,92
巴掌,叶哥,4
巴掌,小姐,4
雷同,叶修,112
雷同,林子,4
雷同,矫健,4
矫健,叶修,112
矫健,雷同,4
矫健,林子,4
温顺,冷青,36
温顺,林天仪,4
温顺,严歌,12
温顺,路平,24
温顺,静静,4
温顺,吕征,4
平笑笑,路平,4
平笑笑,严歌,32
平笑笑,千松尺,8
平笑笑,望向正,4
平笑笑,北斗,4
平笑笑,苏唐,4
平笑笑,林天仪,28
平笑笑,林柏英,56
平笑笑,伍季,8
平笑笑,吕师,8
平笑笑,吕沉风,20
平笑笑,吕沉,8
望向正,路平,4
望向正,严歌,32
望向正,千松尺,8
望向正,平笑笑,4
望向正,北斗,4
望向正,苏唐,4
望向正,林天仪,28
望向正,林柏英,56
望向正,伍季,8
望向正,吕师,8
望向正,吕沉风,20
望向正,吕沉,8
迟早会,叶修,128
迟早会,唐柔,184
迟早会,阿红,4
迟早会,乔一凡,12
迟早会,乔一帆,12
迟早会,苏沐橙,16
迟早会,孙翔,4
迟早会,王希杰,16
迟早会,陈果,136
迟早会,齐声,4
迟早会,塞进,4
迟早会,胡玩,4
迟早会,钟爱,4
托亚操,托亚,8
托亚操,唐柔,16
托亚操,叶修,68
托亚操,苏沐橙,8
托亚操,和枫烨,4
和枫烨,托亚操,4
和枫烨,托亚,8
和枫烨,唐柔,16
和枫烨,叶修,68
和枫烨,苏沐橙,8
殷勤,叶修,36
殷勤,都是俱,4
殷勤,唐柔,4
殷勤,空旷,4
殷勤,若远,4
殷勤,晓罗,4
殷勤,查明,4
都是俱,殷勤,4
都是俱,叶修,36
都是俱,唐柔,4
都是俱,空旷,4
都是俱,若远,4
都是俱,晓罗,4
都是俱,查明,4
若远,殷勤,4
若远,叶修,36
若远,都是俱,4
若远,唐柔,4
若远,空旷,4
若远,晓罗,4
若远,查明,4
晓罗,殷勤,4
晓罗,叶修,36
晓罗,都是俱,4
晓罗,唐柔,4
晓罗,空旷,4
晓罗,若远,4
晓罗,查明,4
查明,殷勤,4
查明,叶修,36
查明,都是俱,4
查明,唐柔,4
查明,空旷,4
查明,若远,4
查明,晓罗,4
连贯性,喻文州,72
连贯性,黄少天,88
连贯性,叶修,4
连贯性,刘皓,32
连贯性,俞文洲,4
连贯性,喻文洲,20
俞文洲,喻文州,72
俞文洲,黄少天,88
俞文洲,叶修,4
俞文洲,连贯性,4
俞文洲,刘皓,32
俞文洲,喻文洲,20
莫昊,乔一帆,16
莫昊,肖云,20
莫昊,王杰希,72
莫昊,高英杰,4
莫昊,周烨柏,4
莫昊,邓复升,16
莫昊,卡后,4
莫昊,叶修,56
莫昊,杰希,4
莫昊,梁方,60
莫昊,蓝绿,4
莫昊,陈果,16
莫昊,刘皓,4
向沉玉,叶修,96
向沉玉,连沉玉,4
向沉玉,陈果,8
向沉玉,太猛,4
蓝布,叶修,80
蓝布,唐柔,32
蓝布,苏沐橙,8
蓝布,布甲,4
卡才,杜绝,4
连橙,叶修,120
连橙,唐柔,4
连橙,刘皓,4
连橙,苏沐橙,4
齐夸,叶修,80
齐夸,乐得嘴,4
齐夸,陈果,60
齐夸,唐柔,36
齐夸,连接成,4
乐得嘴,齐夸,4
乐得嘴,叶修,80
乐得嘴,陈果,60
乐得嘴,唐柔,36
乐得嘴,连接成,4
连接成,齐夸,4
连接成,叶修,80
连接成,乐得嘴,4
连接成,陈果,60
连接成,唐柔,36
有俱,了什,4
有俱,白送,4
有俱,张口,4
有俱,白狼,4
有俱,叶修,8
有俱,周泽楷,4
了什,有俱,4
了什,白送,4
了什,张口,4
了什,白狼,4
了什,叶修,8
了什,周泽楷,4
胡玩,陈果,136
胡玩,唐柔,116
胡玩,叶修,60
胡玩,齐声,4
胡玩,迟早会,4
胡玩,塞进,4
胡玩,钟爱,4
钟爱,陈果,136
钟爱,唐柔,116
钟爱,叶修,60
钟爱,齐声,4
钟爱,迟早会,4
钟爱,塞进,4
钟爱,胡玩,4
连超,托亚,20
连超,叶修,116
连超,道谢,4
连超,唐柔,32
连超,皮甲,4
连超,和托亚,4
连超,苏沐橙,44
连超,小姐,4
连超,西红柿,4
和托亚,托亚,20
和托亚,叶修,116
和托亚,连超,4
和托亚,道谢,4
和托亚,唐柔,32
和托亚,皮甲,4
和托亚,苏沐橙,44
和托亚,小姐,4
和托亚,西红柿,4
西红柿,托亚,20
西红柿,叶修,116
西红柿,连超,4
西红柿,道谢,4
西红柿,唐柔,32
西红柿,皮甲,4
西红柿,和托亚,4
西红柿,苏沐橙,44
西红柿,小姐,4
明星,叶修,124
明星,唐柔,128
明星,苏沐橙,16
明星,乔一帆,20
明星,高达,4
高达,叶修,124
高达,唐柔,128
高达,苏沐橙,16
高达,乔一帆,20
高达,明星,4
周晔柏,空旷,4
周晔柏,叶修,40
周晔柏,唐柔,4
周晔柏,柳非,84
周晔柏,高英杰,28
周晔柏,周烨柏,28
周晔柏,肖云,4
周晔柏,小杰,4
周晔柏,乔一帆,8
立剑,叶修,64
立剑,大老远,4
立剑,闻声,4
大老远,叶修,64
大老远,立剑,4
大老远,闻声,4
大忠粉,叶修,84
大忠粉,唐柔,4
大忠粉,陈果,56
大忠粉,张罗,8
大忠粉,孙翔,8
大忠粉,杨聪,4
大忠粉,李艺博,24
大忠粉,苏沐橙,24
大忠粉,楚云秀,8
大忠粉,小姐,4
小强,叶修,84
小强,连紫,4
小强,巴结,4
小强,齐声,4
小强,白狼,4
小强,凤锤,8
连紫,叶修,84
连紫,小强,4
连紫,巴结,4
连紫,齐声,4
连紫,白狼,4
连紫,凤锤,8
凤锤,叶修,168
凤锤,小强,8
凤锤,连紫,8
凤锤,巴结,8
凤锤,齐声,8
凤锤,白狼,8
夜未英,叶修,64
夜未英,大赞,4
大赞,叶修,64
大赞,夜未英,4
加粗,黄少天,168
加粗,宁静,8
加粗,小剑,8
加粗,木剑,8
小剑,黄少天,84
小剑,宁静,4
小剑,加粗,8
小剑,木剑,4
太高阶,托亚,16
太高阶,乔一帆,48
太高阶,叶修,12
太高阶,闻声,4
太高阶,唐柔,8
太高阶,和云,4
和云,托亚,16
和云,乔一帆,48
和云,叶修,12
和云,闻声,4
和云,唐柔,8
和云,太高阶,4
修文,陈果,16
修文,叶修,16
修文,苏沐橙,24
修文,陈国,8
修文,完刚,4
修文,杨聪,40
修文,潘林,48
修文,李艺博,52
修文,孙翔,44
修文,潘林烁,8
完刚,陈果,16
完刚,叶修,16
完刚,苏沐橙,24
完刚,修文,4
完刚,陈国,8
完刚,杨聪,40
完刚,潘林,48
完刚,李艺博,52
完刚,孙翔,44
完刚,潘林烁,8
潘林烁,陈果,32
潘林烁,叶修,32
潘林烁,苏沐橙,48
潘林烁,修文,8
潘林烁,陈国,16
潘林烁,完刚,8
潘林烁,杨聪,80
潘林烁,潘林,96
潘林烁,李艺博,104
潘林烁,孙翔,88
大比拼,叶修,68
大比拼,王大眼,4
大比拼,王杰希,88
大比拼,唐柔,20
大比拼,高英杰,8
大比拼,太清,4
大比拼,黄少天,20
大比拼,王朝,4
大比拼,连冠,4
大比拼,邓复升,4
黄草,叶修,64
黄草,苏沐橙,24
黄草,唐柔,8
和云归,叶修,40
和云归,布娃娃,16
和云归,雷鸣,16
和云归,紫黑色,8
布娃娃,和云归,16
布娃娃,叶修,40
布娃娃,雷鸣,16
布娃娃,紫黑色,8
紫黑色,和云归,8
紫黑色,叶修,20
紫黑色,布娃娃,8
紫黑色,雷鸣,8
左掌,李轩,4
左掌,乔一帆,8
左掌,张佳乐,20
左掌,唐昊,16
左掌,叶修,20
左掌,黄少天,4
左掌,白狼牙,4
左掌,唐柔,8
左掌,苏沐橙,4
如云,叶修,100
如云,陈果,60
白儿,叶修,132
白儿,肖云,64
白儿,王杰希,72
白儿,周烨柏,4
白儿,刘小别,40
白儿,梁方,4
白儿,唐柔,84
越六,叶修,80
越六,道德,8
越六,托亚,8
道德,叶修,40
道德,越六,8
道德,托亚,4
包里,雷鸣,20
包里,叶修,8
包里,哥布森,4
包里,布森,4
包里,林子里,4
哥布森,包里,4
哥布森,雷鸣,20
哥布森,叶修,8
哥布森,布森,4
哥布森,林子里,4
布森,包里,4
布森,雷鸣,20
布森,叶修,8
布森,哥布森,4
布森,林子里,4
